1,0,0,0,1,0,0,0,1
0.568899,0.820697,-0.0530147,-0.821173,0.570394,0.0180511,0.0450537,0.033265,0.998431
0.929761,-0.365375,-0.045219,0.363813,0.930645,-0.0392476,0.0564229,0.0200396,0.998206
0.883627,0.453747,-0.1154,-0.461677,0.885424,-0.0536529,0.0778336,0.100687,0.991869
0.902251,-0.427553,0.0560602,0.424461,0.903502,0.0593066,-0.0760072,-0.0297141,0.996664
0.943846,0.313095,-0.105484,-0.322605,0.942267,-0.0897732,0.0712863,0.118762,0.990361
0.918339,-0.389139,0.0722729,0.395614,0.907988,-0.13801,-0.011918,0.155332,0.98779
0.849647,-0.515245,-0.112348,0.521729,0.852318,0.0367918,0.0767991,-0.0898751,0.992988
0.57019,0.816328,0.0921507,-0.81732,0.575019,-0.0366376,-0.0828967,-0.0544261,0.995071
0.865328,-0.494695,0.0805203,0.489713,0.86871,0.074316,-0.106713,-0.0248759,0.993979
0.924146,0.348669,-0.156154,-0.296762,0.912567,0.281344,0.240597,-0.213663,0.946817
0.991953,0.118987,-0.043256,-0.109619,0.978125,0.176792,0.0633457,-0.170627,0.983297
0.983099,0.0777056,-0.165763,-0.108943,0.975995,-0.18859,0.147129,0.203461,0.967965
0.825586,-0.562661,0.0426639,0.559332,0.825997,0.0698388,-0.0745358,-0.0337946,0.996646
0.998692,0.0289133,-0.0421811,-0.0282086,0.999454,0.0172073,0.0426556,-0.0159949,0.998962
0.96357,0.205218,0.171519,-0.188547,0.976043,-0.108579,-0.189693,0.0722844,0.979179
0.803308,0.586586,-0.103019,-0.586201,0.809312,0.0371888,0.105189,0.030516,0.993984
0.980391,0.130626,-0.147547,-0.126805,0.991308,0.0350548,0.150844,-0.0156577,0.988434
0.375602,0.914563,0.149991,-0.926507,0.374475,0.036781,-0.0225296,-0.152783,0.988003
0.97303,0.154033,-0.171718,-0.134812,0.983755,0.118536,0.187187,-0.0921898,0.977989
0.887879,0.456137,-0.0600798,-0.459256,0.870907,-0.174946,-0.0274754,0.182923,0.982743
0.971714,-0.147076,0.184771,0.147106,0.989027,0.0136202,-0.184747,0.013946,0.982687
0.980518,-0.102289,0.167692,0.110632,0.993009,-0.0411651,-0.162309,0.0589153,0.98498
0.765888,0.593989,0.246157,-0.623137,0.780072,0.0564628,-0.158482,-0.196633,0.967584
0.922173,0.35224,-0.159761,-0.373053,0.919084,-0.126948,0.102117,0.176667,0.978959
0.865255,-0.492209,0.0952083,0.494068,0.869411,0.00459109,-0.0850349,0.0430669,0.995447
0.859956,0.253866,-0.44275,-0.213566,0.966904,0.139596,0.463535,-0.0254899,0.885712
0.830829,-0.432711,0.349977,0.553898,0.581882,-0.595491,0.0540302,0.688603,0.723123
0.926806,0.0654647,0.369791,-0.0193724,0.991712,-0.127011,-0.375041,0.110551,0.920393
0.996455,-0.0281711,-0.0792763,0.0406689,0.986157,0.160748,0.0736505,-0.163402,0.983807
0.752154,0.611865,-0.244714,-0.530557,0.782521,0.325837,0.390862,-0.115245,0.913206
0.420468,0.881739,-0.213876,-0.863666,0.461193,0.203428,0.278008,0.0991829,0.955444
0.613541,-0.764068,-0.199418,0.733123,0.644987,-0.215691,0.293425,-0.0138632,0.955882
0.869633,-0.468404,0.155998,0.493569,0.832086,-0.253025,-0.0112863,0.297035,0.9548
0.940267,-0.298258,0.164135,0.331751,0.910966,-0.245115,-0.0764143,0.284925,0.955499
0.970456,0.0438311,-0.237265,-0.112403,0.952262,-0.283835,0.213498,0.302118,0.929055
0.697353,-0.637097,-0.328339,0.677381,0.735544,0.0114533,0.23421,-0.230397,0.944491
0.51213,0.851414,0.113215,-0.84595,0.522812,-0.105049,-0.14863,-0.0419753,0.988002
0.902159,-0.423324,0.0831037,0.428716,0.901215,-0.0633511,-0.0480763,0.0927807,0.994525
0.960341,0.27407,-0.0512963,-0.277453,0.957547,-0.0782585,0.0276703,0.0893872,0.995613
0.917375,-0.398019,-0.00193674,0.398006,0.917277,0.0139124,-0.00376089,-0.0135338,0.999901
0.958234,-0.130924,0.254255,0.0476245,0.949693,0.309539,-0.281991,-0.284502,0.916264
0.99223,0.116976,0.0423918,-0.112816,0.989536,-0.0899514,-0.0524703,0.08447,0.995044
0.995964,0.0884328,-0.0153267,-0.0892648,0.99377,-0.0667245,0.00933063,0.0678233,0.997654
0.772859,0.634305,-0.0186035,-0.627412,0.768196,0.127395,0.0950985,-0.0867863,0.991678
0.634252,-0.766549,-0.100628,0.770912,0.636899,0.00733334,0.0584686,-0.0822266,0.994897
0.975105,-0.182596,0.125814,0.205144,0.958239,-0.199235,-0.0841803,0.220085,0.971842
0.777982,-0.571145,-0.261797,0.622829,0.755885,0.201797,0.0826332,-0.32005,0.94379
0.973493,0.20407,-0.103276,-0.153993,0.918685,0.363736,0.169106,-0.33819,0.925759
0.97545,0.213321,-0.0546994,-0.191181,0.943558,0.270458,0.109306,-0.253361,0.961177
0.470354,-0.85441,-0.220796,0.868576,0.492456,-0.0553485,0.156022,-0.165744,0.973748
0.966208,0.253614,0.0460656,-0.252277,0.967095,-0.0329222,-0.0528993,0.0201884,0.998396
0.924568,0.376728,0.057013,-0.377744,0.925877,0.00782506,-0.0498391,-0.0287711,0.998343
0.966408,-0.240772,0.08991,0.228756,0.965278,0.126134,-0.117158,-0.10133,0.98793
0.950145,-0.30047,0.0833249,0.291053,0.950511,0.108709,-0.111865,-0.0790373,0.990575
0.947054,0.297284,0.121291,-0.305855,0.950242,0.059106,-0.0976848,-0.0930741,0.990856
0.563324,0.825842,0.0255213,-0.822329,0.563393,-0.0797687,-0.0802548,0.0239487,0.996487
0.974529,0.224261,6.59906e-05,-0.223667,0.971972,-0.0724177,-0.0163046,0.0705584,0.997374
0.980202,-0.191752,0.0493547,0.194531,0.97909,-0.0595087,-0.0369118,0.0679316,0.997007
0.995728,0.0307119,-0.0870805,-0.028173,0.999146,0.0302363,0.0879347,-0.0276538,0.995742
-0.294292,-0.953679,-0.0623599,0.955413,-0.291928,-0.044328,0.0240701,-0.0726248,0.997069
0.999627,0.0115031,0.0247763,-0.0116412,0.999917,0.00543635,-0.0247117,-0.00572275,0.999678
0.995177,-0.0883258,0.0426845,0.087888,0.996058,0.0120305,-0.0435789,-0.00822098,0.999016
0.766674,0.632156,0.112203,-0.628407,0.774669,-0.0706637,-0.131591,-0.0163334,0.99117
0.971579,0.222153,0.0817431,-0.22265,0.974893,-0.00310049,-0.0803796,-0.0151878,0.996649
0.7491,-0.632821,0.195923,0.635041,0.770176,0.0595864,-0.188603,0.0797833,0.978807
0.927991,-0.235519,0.288727,0.29429,0.93856,-0.180274,-0.228529,0.252262,0.940286
0.921557,0.384092,-0.0566156,-0.387949,0.916685,-0.0958375,0.0150882,0.110284,0.993786
0.782985,0.621759,-0.0186799,-0.62143,0.780535,-0.0677566,-0.027548,0.0646607,0.997527
0.842467,-0.52878,0.103158,0.533079,0.845882,-0.017611,-0.0779469,0.0698279,0.994509
0.853515,-0.515085,0.0787379,0.511443,0.857039,0.0625374,-0.0996936,-0.0131067,0.994932
0.999775,0.0185936,0.0102488,-0.0190797,0.998589,0.0495652,-0.00931276,-0.0497496,0.998718
-0.173466,-0.984814,-0.00713755,0.983691,-0.173609,0.0470227,-0.0475478,0.00113571,0.998868
0.996896,-0.00480946,-0.0785798,0.00123101,0.998962,-0.0455241,0.0787173,0.045286,0.995868
0.935696,-0.342731,-0.0837218,0.33368,0.936762,-0.105524,0.114594,0.070802,0.990886
0.939571,-0.342109,0.0129504,0.341044,0.938613,0.0519088,-0.0299139,-0.0443553,0.998568
0.844029,0.536236,-0.00810004,-0.532619,0.83991,0.104246,0.062704,-0.0836727,0.994519
0.966202,-0.246241,-0.0762851,0.256446,0.94827,0.187134,0.0262588,-0.200372,0.979368
0.963638,-0.219616,-0.152221,0.231735,0.97048,0.0668459,0.133047,-0.0996902,0.986083
0.997867,0.00683311,-0.0649229,-0.00578692,0.999851,0.0162888,0.0650245,-0.0158783,0.997757
0.967856,0.251272,-0.0107957,-0.251462,0.967585,-0.023351,0.00457832,0.0253151,0.999669
0.0822248,0.995261,-0.0519036,-0.99629,0.0807592,-0.0297339,-0.0254014,0.0541559,0.998209
0.998715,0.0131368,-0.0489426,-0.0139972,0.999753,-0.0172779,0.0487035,0.0179407,0.998652
0.993755,0.0379271,-0.104938,-0.0454078,0.996524,-0.0698405,0.101925,0.0741693,0.992023
0.959299,0.25652,-0.118083,-0.250867,0.966115,0.0607318,0.129661,-0.0286369,0.991145
0.986133,0.0770583,-0.146983,-0.0738609,0.9969,0.0270971,0.148615,-0.015865,0.988768
0.932984,-0.343888,-0.106214,0.346612,0.937976,0.00776024,0.0969577,-0.0440553,0.994313
0.919509,-0.385371,0.0774121,0.385765,0.922538,0.0103911,-0.07542,0.0203082,0.996945
0.689288,-0.716633,0.106397,0.71631,0.696121,0.048113,-0.108544,0.0430493,0.993159
0.938793,0.344371,0.00870577,-0.344021,0.938545,-0.0279909,-0.01781,0.0232827,0.99957
0.984311,0.153514,-0.0869822,-0.156299,0.987364,-0.0261258,0.0818724,0.0393111,0.995867
0.769489,0.638606,0.00831413,-0.634855,0.766258,-0.099028,-0.0696106,0.0709226,0.99505
0.760551,0.649241,-0.00701071,-0.649085,0.760016,-0.0326331,-0.0158585,0.0293697,0.999443
0.915571,-0.402133,0.0043739,0.401943,0.914673,-0.0426067,0.0131329,0.0407675,0.999082
0.612455,-0.768118,0.186796,0.775815,0.629395,0.0444205,-0.151689,0.117714,0.981394
0.975913,0.111821,0.187323,-0.100852,0.992634,-0.0671272,-0.19345,0.0466183,0.980002
0.797306,-0.60294,0.0276883,0.602289,0.797762,0.0286992,-0.0393925,-0.00620565,0.999205
0.883373,0.467505,-0.0330174,-0.468258,0.883357,-0.0203577,0.0196488,0.0334441,0.999247
0.965011,0.256599,-0.0539592,-0.260377,0.962048,-0.0816561,0.0309585,0.0928487,0.995199
0.873329,0.487128,-0.00169853,-0.484311,0.868643,0.104412,0.0523375,-0.0903636,0.994533
0.873593,-0.48328,-0.0572368,0.486625,0.86611,0.114232,-0.00563246,-0.127645,0.991804
0.681878,0.728439,0.0664749,-0.729701,0.671109,0.130954,0.0507799,-0.137801,0.989157
0.969823,0.236608,0.0588202,-0.237553,0.971328,0.00953518,-0.0548776,-0.0232204,0.998223
0.997806,0.0592026,-0.0296299,-0.0596264,0.998128,-0.0136285,0.0287676,0.0153653,0.999468
0.238008,0.966543,-0.0956426,-0.971012,0.239029,-0.000804419,0.0220839,0.0930616,0.995415
0.628238,0.774972,-0.0688111,-0.773443,0.631675,0.0526552,0.0842725,0.0201415,0.996239
0.709564,0.704533,-0.0123601,-0.699732,0.706578,0.105464,0.0830366,-0.066185,0.994346
0.954533,0.293833,0.0502927,-0.29262,0.955753,-0.0301613,-0.0569298,0.0140733,0.998279
0.884187,0.465027,-0.0443122,-0.467124,0.879604,-0.0899518,-0.0028528,0.100233,0.99496
0.975645,0.216306,-0.0364451,-0.21764,0.975298,-0.0377735,0.0273742,0.0447854,0.998622
0.995818,0.034157,0.0847371,-0.0305613,0.998591,-0.0433738,-0.0860992,0.0406027,0.995459
0.920927,0.368704,0.126298,-0.374414,0.92695,0.0240532,-0.108204,-0.0694391,0.991701
0.522139,0.847492,0.0955377,-0.845691,0.528986,-0.0705789,-0.110353,-0.0439433,0.992921
0.815721,-0.574517,0.0673063,0.572665,0.818492,0.0461038,-0.0815771,0.00093616,0.996667
0.993933,0.109937,0.00341607,-0.109953,0.993925,0.00475903,-0.00287213,-0.00510576,0.999983
0.992105,0.106333,0.0664903,-0.113573,0.986645,0.116763,-0.0531865,-0.123393,0.990932
0.918903,-0.394482,0.000714495,0.394425,0.9188,0.0153604,-0.00671586,-0.0138329,0.999882
0.994956,0.0911071,-0.0419761,-0.0925867,0.995098,-0.0347644,0.0386031,0.0384755,0.998514
0.936088,0.334126,-0.109996,-0.341931,0.93771,-0.0615019,0.0825952,0.0951823,0.992027
0.977929,-0.197263,-0.0688665,0.188111,0.974702,-0.120709,0.0909357,0.10509,0.990296
0.893518,-0.449013,-0.00359169,0.447268,0.890697,-0.0813052,0.0397062,0.0710412,0.996683
0.307397,0.943736,0.121938,-0.951581,0.304998,0.0383431,-0.00100508,-0.12782,0.991797
0.913358,-0.400027,-0.0758623,0.401675,0.915754,0.00719538,0.0665929,-0.0370439,0.997092
0.936646,-0.289967,-0.196505,0.310737,0.946772,0.0840566,0.161671,-0.139792,0.976893
0.799134,-0.527621,-0.288099,0.54994,0.835194,-0.00413213,0.242799,-0.155135,0.957592
0.968966,-0.0755939,-0.235352,0.105096,0.98774,0.115434,0.22374,-0.136586,0.965031
0.994148,0.0982144,-0.0449881,-0.0971377,0.994943,0.0255301,0.047268,-0.0210107,0.998661
0.95407,-0.293789,-0.0586444,0.298292,0.949742,0.0949305,0.0278075,-0.108063,0.993755
0.921581,-0.387949,0.0135711,0.387534,0.921496,0.0257511,-0.0224959,-0.0184725,0.999576
0.923346,-0.381598,-0.0425922,0.383685,0.921232,0.0641756,0.0147479,-0.0755982,0.997029
0.992257,-0.116984,-0.0417341,0.110451,0.984764,-0.134313,0.0568107,0.128663,0.99006
0.970658,0.240463,-0.0011862,-0.237186,0.95822,0.159867,0.0395787,-0.154895,0.987138
0.958634,0.283383,0.0267471,-0.281692,0.957994,-0.0538154,-0.0408739,0.0440548,0.998193
0.961999,-0.270797,0.035039,0.271428,0.962348,-0.0146029,-0.0297653,0.0235585,0.999279
0.997015,0.0591294,0.0496469,-0.055462,0.995843,-0.0722537,-0.0537128,0.0692845,0.99615
0.999109,-0.0364339,-0.0212946,0.0371588,0.998707,0.0346956,0.0200029,-0.035456,0.999171
0.916619,-0.396331,-0.0522695,0.391023,0.916073,-0.0889469,0.0831351,0.0610919,0.994664
0.995619,0.087387,-0.0332475,-0.0839812,0.992134,0.0928287,0.041098,-0.0896299,0.995127
0.930823,0.358695,-0.070042,-0.352434,0.931712,0.0877654,0.09674,-0.0570089,0.993676
0.897444,0.429577,-0.100289,-0.439328,0.890899,-0.115285,0.0398236,0.147521,0.988257
0.995307,-0.0758672,-0.0600733,0.0744897,0.996912,-0.0248499,0.0617731,0.0202584,0.997885
0.846813,0.528345,-0.0613139,-0.531789,0.83874,-0.117113,-0.0104495,0.131778,0.991224
0.695417,0.718473,-0.0138687,-0.71658,0.691879,-0.088406,-0.0539219,0.0714171,0.995988
0.723453,0.689966,-0.0237451,-0.689832,0.721094,-0.064465,-0.0273562,0.0630175,0.997637
0.862673,-0.502931,0.053442,0.50423,0.863464,-0.0135261,-0.0393425,0.0386156,0.998479
0.995304,0.0965693,0.00671361,-0.096592,0.995319,0.00314253,-0.00637872,-0.00377625,0.999973
0.972492,-0.221846,0.0710176,0.218882,0.974609,0.0471896,-0.0796833,-0.030347,0.996358
0.969424,-0.239135,0.0550621,0.239044,0.970973,0.00833018,-0.0554559,0.00508681,0.998448
0.907859,0.407552,0.0984588,-0.411574,0.911065,0.0238148,-0.0799966,-0.0621435,0.994856
0.631134,0.775666,-0.00360531,-0.775367,0.630746,-0.0310701,-0.021826,0.0224048,0.999511
0.879798,0.471754,0.058336,-0.473111,0.88093,0.0113269,-0.0460465,-0.0375648,0.998233
0.489242,-0.870471,0.0540598,0.865242,0.492219,0.0952739,-0.109542,0.000162837,0.993982
0.920076,-0.39158,0.0111585,0.390918,0.915931,-0.0908536,0.0253561,0.0879543,0.995802
0.609804,-0.771397,0.181897,0.791842,0.602711,-0.0986215,-0.0335552,0.204174,0.978359
0.805279,0.553229,-0.213223,-0.570667,0.820781,-0.0256399,0.160824,0.142327,0.976667
0.970856,-0.239154,0.0156134,0.23853,0.97054,0.034002,-0.0232851,-0.0292868,0.9993
0.526853,0.849873,0.0119104,-0.848397,0.526683,-0.053171,-0.0514616,0.0179085,0.998514
0.898809,-0.438339,-0.0011735,0.438017,0.898244,-0.0360285,0.0168468,0.0318687,0.99935
0.932781,-0.358527,-0.0371207,0.357946,0.933495,-0.0215084,0.0423633,0.00677546,0.999079
0.919598,-0.391602,-0.0314298,0.392859,0.916874,0.0707426,0.0011142,-0.0774022,0.996999
0.95069,0.310137,-0.00188057,-0.310142,0.950684,-0.00351115,0.00069889,0.00392125,0.999992
0.965447,0.26045,-0.00881959,-0.260515,0.963724,-0.0580427,-0.00661756,0.0583348,0.998275
0.983387,-0.122861,0.133626,0.142375,0.978697,-0.147925,-0.112605,0.164492,0.97993
0.894627,-0.409621,0.178477,0.394849,0.911733,0.113305,-0.209136,-0.0308944,0.977398
0.760559,-0.648986,-0.0191812,0.645305,0.752326,0.132617,-0.071636,-0.113241,0.990982
0.767279,0.637435,-0.0704215,-0.623937,0.767364,0.147834,0.148273,-0.0694911,0.986502
0.89113,0.420322,-0.170926,-0.414756,0.907325,0.0688421,0.184022,0.00954552,0.982876
0.806722,0.587463,-0.0639234,-0.58709,0.809089,0.0264707,0.0672703,0.0161742,0.997604
0.935103,-0.352413,-0.0372513,0.351986,0.935838,-0.0176746,0.04109,0.00341558,0.99915
0.786262,0.617647,0.0174209,-0.616262,0.785923,-0.0504583,-0.0448569,0.0289377,0.998574
0.956304,0.266391,0.120492,-0.267157,0.963601,-0.0100462,-0.118782,-0.0225831,0.992663
0.892635,-0.448844,-0.0417335,0.439149,0.886763,-0.144224,0.101742,0.110412,0.988665
0.980142,-0.197337,-0.019468,0.197631,0.980168,0.0145489,0.0162109,-0.0181075,0.999705
0.908794,0.416703,-0.0212545,-0.4158,0.908706,0.0369222,0.0346997,-0.024717,0.999092
0.951704,0.302865,0.05032,-0.304399,0.952187,0.0261007,-0.0400091,-0.0401575,0.998392
0.693339,0.715583,-0.0849812,-0.718794,0.695135,-0.0110829,0.0511427,0.0687682,0.996321
0.88394,-0.46275,0.0671796,0.459951,0.88634,0.0533567,-0.0842348,-0.0162648,0.996313
0.936304,0.34898,-0.0393387,-0.351044,0.92679,-0.133525,-0.010139,0.13883,0.990264
0.951441,0.302479,-0.0571583,-0.304088,0.952396,-0.0217267,0.0478655,0.0380529,0.998129
0.876646,-0.475673,-0.0723022,0.472423,0.879465,-0.0579488,0.0911519,0.0166433,0.995698
0.892384,-0.444493,0.0779603,0.450486,0.887652,-0.0955812,-0.0267166,0.120415,0.992364
0.99735,0.048358,0.054361,-0.042533,0.993706,-0.103629,-0.0590301,0.101042,0.993129
0.990543,-0.011174,0.136747,0.0162633,0.999214,-0.0361564,-0.136236,0.0380384,0.989946
0.948966,0.313135,0.0375543,-0.315139,0.946142,0.0741814,-0.0123029,-0.0822304,0.996537
0.984695,0.170709,0.0351296,-0.172544,0.983271,0.0583643,-0.0245787,-0.0635325,0.997677
0.977719,0.197042,-0.0723826,-0.192417,0.97908,0.0661635,0.0839053,-0.0507616,0.99518
0.705848,-0.706839,0.0464315,0.70502,0.694646,-0.142875,0.068736,0.133583,0.988651
0.958472,0.284203,0.0236412,-0.285178,0.954569,0.0864396,0.00199931,-0.0895919,0.995977
0.869603,0.492974,0.0276866,-0.492397,0.861703,0.122526,0.0365443,-0.120182,0.992079
0.933939,-0.343756,0.0979225,0.342597,0.939036,0.0289499,-0.101904,0.00651051,0.994773
0.778165,0.627621,0.023485,-0.625231,0.777663,-0.0657785,-0.0595474,0.036503,0.997558
0.997522,-0.0141842,0.0689058,0.0125539,0.999632,0.0240364,-0.0692214,-0.0231118,0.997334
0.943169,0.330525,0.0344217,-0.324329,0.938127,-0.121366,-0.0724063,0.103304,0.992011
0.646497,-0.759532,0.0717804,0.761685,0.647934,-0.00418414,-0.043331,0.0573791,0.997412
0.996234,0.0163317,0.0851578,-0.00606285,0.992819,-0.119476,-0.0864975,0.11851,0.989178
0.967778,0.251374,-0.0147056,-0.247425,0.96017,0.129827,0.046755,-0.122005,0.991428
0.867922,0.496317,0.0195107,-0.487686,0.844062,0.222982,0.0942015,-0.203046,0.974627
0.93531,-0.350803,-0.0461864,0.34912,0.936191,-0.0407624,0.0575389,0.0220009,0.998101
0.996747,0.07756,-0.0219039,-0.0792211,0.992837,-0.0894374,0.0148102,0.0908817,0.995752
0.838399,0.544202,0.0305301,-0.544967,0.837965,0.028741,-0.00994221,-0.0407343,0.999121
0.999322,0.0278065,0.0241513,-0.0285174,0.999155,0.0296093,-0.0233076,-0.030278,0.99927
0.972581,-0.231959,-0.0167788,0.231452,0.972453,-0.0276565,0.0227318,0.0230147,0.999477
0.882901,-0.468328,0.0339742,0.469116,0.876614,-0.107138,0.0203936,0.11053,0.993663
0.87529,-0.479927,0.0594744,0.483594,0.86913,-0.10368,-0.00193239,0.119511,0.992831
0.557688,-0.82732,0.0672678,0.826534,0.546047,-0.136657,0.0763276,0.131811,0.988332
0.928103,0.37227,0.00625583,-0.372321,0.928013,0.0130143,-0.000960639,-0.0144078,0.999896
0.951045,0.299719,0.0753805,-0.298471,0.95402,-0.0275712,-0.0801782,0.00372252,0.996774
0.967807,0.248702,0.0386841,-0.251412,0.962491,0.101999,-0.0118658,-0.108441,0.994032
0.996802,0.0662631,0.0446762,-0.0736985,0.978385,0.193212,-0.0309077,-0.195887,0.980139
0.733299,-0.667976,-0.126813,0.676884,0.734797,0.0436192,0.0640449,-0.117823,0.990967
0.804218,-0.59206,-0.0519513,0.587513,0.80515,-0.081009,0.0897907,0.0346268,0.995359
0.974253,-0.0727408,0.2134,0.0744297,0.997226,0.000120289,-0.212817,0.0157661,0.976965
0.764409,-0.624849,0.158882,0.618037,0.780337,0.0954183,-0.183604,0.0252566,0.982676
0.972768,0.143149,0.182292,-0.142059,0.989674,-0.0190882,-0.183142,-0.00732779,0.983059
0.997723,0.0283092,0.0612137,-0.031221,0.9984,0.0471462,-0.0597811,-0.04895,0.997011
0.804301,-0.593494,-0.0293978,0.591729,0.795418,0.131023,-0.0543778,-0.122777,0.990943
0.650742,-0.75753,-0.0518012,0.753048,0.652617,-0.0837202,0.0972269,0.0154715,0.995142
0.920078,-0.385983,-0.0668832,0.375272,0.917445,-0.132154,0.112371,0.0964922,0.98897
0.886247,-0.462786,-0.0198693,0.459566,0.883832,-0.0874101,0.0580134,0.0683357,0.995974
0.634585,-0.772794,-0.00956135,0.771365,0.634081,-0.0541968,0.0479456,0.0270172,0.998484
0.93851,0.336551,-0.0770243,-0.338598,0.940813,-0.0148764,0.0674588,0.0400419,0.996918
0.888282,-0.455557,-0.058502,0.450578,0.889022,-0.081358,0.0890728,0.0459092,0.994967
0.657107,-0.749683,0.0786538,0.751946,0.659223,0.00126101,-0.0527958,0.0583148,0.996901
0.946296,-0.299189,0.122512,0.310209,0.947003,-0.0833956,-0.0910683,0.116921,0.988957
0.798879,-0.598264,0.0622255,0.600527,0.799175,-0.0262029,-0.0340528,0.0583011,0.997718
0.852559,0.510454,-0.11216,-0.513546,0.858061,0.00153481,0.0970239,0.056291,0.993689
0.957788,0.265293,-0.110729,-0.263703,0.964167,0.0290298,0.114463,0.00139524,0.993427
0.95926,0.242053,0.145711,-0.254123,0.964591,0.0706083,-0.12346,-0.10476,0.986804
0.875756,0.482646,-0.0102385,-0.482603,0.874751,-0.0436358,-0.0121045,0.0431554,0.998995
0.99921,-0.0191046,-0.034854,0.0164851,0.997125,-0.0739544,0.0361667,0.0733214,0.996652
0.984176,0.159049,-0.0781137,-0.161097,0.986723,-0.02062,0.073797,0.0328775,0.996731
0.935593,0.342182,-0.0870474,-0.338013,0.939273,0.0592779,0.102045,-0.0260368,0.994439
0.961747,0.267686,0.0581914,-0.272599,0.956181,0.106803,-0.0270519,-0.11858,0.992576
0.970752,0.238709,0.0256513,-0.238336,0.945306,0.222692,0.0289103,-0.222293,0.974551
0.731556,-0.660188,-0.170228,0.681689,0.704167,0.198617,-0.0112549,-0.261342,0.965181
0.923006,-0.381424,-0.0507596,0.366624,0.911803,-0.184941,0.116824,0.152092,0.981438
0.856386,-0.5115,-0.0705051,0.496975,0.853595,-0.156178,0.140068,0.0987091,0.985209
0.991452,-0.129234,0.0179216,0.1301,0.989613,-0.0611536,-0.00983231,0.0629625,0.997967
0.74762,-0.663083,0.0372202,0.664049,0.747216,-0.0265904,-0.0101798,0.0445955,0.998953
0.920484,0.384631,0.0690478,-0.379246,0.921872,-0.0795243,-0.0942408,0.0470148,0.994439
0.529318,-0.848031,-0.0257866,0.848273,0.528408,0.0348909,-0.0159628,-0.0403424,0.999058
0.996342,-0.0844685,0.0129713,0.0826881,0.991206,0.103313,-0.021584,-0.101863,0.994564
0.906769,-0.410782,0.0950157,0.410663,0.911528,0.0217108,-0.095528,0.0193328,0.995239
0.849033,-0.518918,0.0993338,0.519643,0.854138,0.0204793,-0.0954719,0.0342304,0.994843
0.958469,0.277032,0.0677585,-0.278687,0.960246,0.0161492,-0.060591,-0.0343619,0.997571
0.999033,0.0316118,-0.0305659,-0.032785,0.998714,-0.0386751,0.029304,0.0396398,0.998784
0.986092,-0.166003,0.00808265,0.166095,0.986031,-0.0124982,-0.005895,0.0136669,0.999889
0.99803,-0.0595703,-0.0196692,0.0601811,0.997672,0.0320741,0.0177127,-0.0331946,0.999292
0.994423,-0.101833,0.0274394,0.102214,0.994679,-0.012867,-0.0259831,0.0155999,0.999541
0.485806,-0.873944,0.0146276,0.873519,0.486026,0.027245,-0.03092,-0.000458339,0.999522
0.983605,0.164814,0.0731956,-0.167366,0.985433,0.0301713,-0.0671567,-0.0419271,0.996861
1,0,0,0,1,0,0,0,1
1,0,0,0,1,0,0,0,1
1,0,0,0,1,0,0,0,1
1,0,0,0,1,0,0,0,1
1,0,0,0,1,0,0,0,1
1,0,0,0,1,0,0,0,1
1,0,0,0,1,0,0,0,1
1,0,0,0,1,0,0,0,1
1,0,0,0,1,0,0,0,1
1,0,0,0,1,0,0,0,1
1,0,0,0,1,0,0,0,1
1,0,0,0,1,0,0,0,1
1,0,0,0,1,0,0,0,1
1,0,0,0,1,0,0,0,1
1,0,0,0,1,0,0,0,1
1,0,0,0,1,0,0,0,1
1,0,0,0,1,0,0,0,1
1,0,0,0,1,0,0,0,1
1,0,0,0,1,0,0,0,1
1,0,0,0,1,0,0,0,1
1,0,0,0,1,0,0,0,1
1,0,0,0,1,0,0,0,1
1,0,0,0,1,0,0,0,1
1,0,0,0,1,0,0,0,1
1,0,0,0,1,0,0,0,1
1,0,0,0,1,0,0,0,1
1,0,0,0,1,0,0,0,1
1,0,0,0,1,0,0,0,1
1,0,0,0,1,0,0,0,1
1,0,0,0,1,0,0,0,1
1,0,0,0,1,0,0,0,1
1,0,0,0,1,0,0,0,1
1,0,0,0,1,0,0,0,1
1,0,0,0,1,0,0,0,1
1,0,0,0,1,0,0,0,1
1,0,0,0,1,0,0,0,1
1,0,0,0,1,0,0,0,1
1,0,0,0,1,0,0,0,1
1,0,0,0,1,0,0,0,1
1,0,0,0,1,0,0,0,1
1,0,0,0,1,0,0,0,1
1,0,0,0,1,0,0,0,1
1,0,0,0,1,0,0,0,1
1,0,0,0,1,0,0,0,1
1,0,0,0,1,0,0,0,1
1,0,0,0,1,0,0,0,1
1,0,0,0,1,0,0,0,1
1,0,0,0,1,0,0,0,1
1,0,0,0,1,0,0,0,1
1,0,0,0,1,0,0,0,1
1,0,0,0,1,0,0,0,1
1,0,0,0,1,0,0,0,1
1,0,0,0,1,0,0,0,1
1,0,0,0,1,0,0,0,1
1,0,0,0,1,0,0,0,1
1,0,0,0,1,0,0,0,1
1,0,0,0,1,0,0,0,1
1,0,0,0,1,0,0,0,1
1,0,0,0,1,0,0,0,1
1,0,0,0,1,0,0,0,1
1,0,0,0,1,0,0,0,1
1,0,0,0,1,0,0,0,1
1,0,0,0,1,0,0,0,1
1,0,0,0,1,0,0,0,1
1,0,0,0,1,0,0,0,1
1,0,0,0,1,0,0,0,1
1,0,0,0,1,0,0,0,1
1,0,0,0,1,0,0,0,1
1,0,0,0,1,0,0,0,1
1,0,0,0,1,0,0,0,1
1,0,0,0,1,0,0,0,1
1,0,0,0,1,0,0,0,1
1,0,0,0,1,0,0,0,1
1,0,0,0,1,0,0,0,1
1,0,0,0,1,0,0,0,1
1,0,0,0,1,0,0,0,1
1,0,0,0,1,0,0,0,1
1,0,0,0,1,0,0,0,1
1,0,0,0,1,0,0,0,1
1,0,0,0,1,0,0,0,1
1,0,0,0,1,0,0,0,1
1,0,0,0,1,0,0,0,1
1,0,0,0,1,0,0,0,1
1,0,0,0,1,0,0,0,1
1,0,0,0,1,0,0,0,1
1,0,0,0,1,0,0,0,1
1,0,0,0,1,0,0,0,1
1,0,0,0,1,0,0,0,1
1,0,0,0,1,0,0,0,1
1,0,0,0,1,0,0,0,1
1,0,0,0,1,0,0,0,1
1,0,0,0,1,0,0,0,1
1,0,0,0,1,0,0,0,1
1,0,0,0,1,0,0,0,1
1,0,0,0,1,0,0,0,1
1,0,0,0,1,0,0,0,1
1,0,0,0,1,0,0,0,1
1,0,0,0,1,0,0,0,1
1,0,0,0,1,0,0,0,1
1,0,0,0,1,0,0,0,1
1,0,0,0,1,0,0,0,1
1,0,0,0,1,0,0,0,1
1,0,0,0,1,0,0,0,1
1,0,0,0,1,0,0,0,1
1,0,0,0,1,0,0,0,1
1,0,0,0,1,0,0,0,1
1,0,0,0,1,0,0,0,1
1,0,0,0,1,0,0,0,1
1,0,0,0,1,0,0,0,1
1,0,0,0,1,0,0,0,1
1,0,0,0,1,0,0,0,1
1,0,0,0,1,0,0,0,1
1,0,0,0,1,0,0,0,1
1,0,0,0,1,0,0,0,1
1,0,0,0,1,0,0,0,1
1,0,0,0,1,0,0,0,1
1,0,0,0,1,0,0,0,1
1,0,0,0,1,0,0,0,1
1,0,0,0,1,0,0,0,1
1,0,0,0,1,0,0,0,1
1,0,0,0,1,0,0,0,1
1,0,0,0,1,0,0,0,1
1,0,0,0,1,0,0,0,1
1,0,0,0,1,0,0,0,1
1,0,0,0,1,0,0,0,1
1,0,0,0,1,0,0,0,1
1,0,0,0,1,0,0,0,1
1,0,0,0,1,0,0,0,1
1,0,0,0,1,0,0,0,1
1,0,0,0,1,0,0,0,1
1,0,0,0,1,0,0,0,1
1,0,0,0,1,0,0,0,1
1,0,0,0,1,0,0,0,1
1,0,0,0,1,0,0,0,1
1,0,0,0,1,0,0,0,1
1,0,0,0,1,0,0,0,1
1,0,0,0,1,0,0,0,1
1,0,0,0,1,0,0,0,1
1,0,0,0,1,0,0,0,1
1,0,0,0,1,0,0,0,1
1,0,0,0,1,0,0,0,1
1,0,0,0,1,0,0,0,1
1,0,0,0,1,0,0,0,1
1,0,0,0,1,0,0,0,1
1,0,0,0,1,0,0,0,1
1,0,0,0,1,0,0,0,1
1,0,0,0,1,0,0,0,1
1,0,0,0,1,0,0,0,1
1,0,0,0,1,0,0,0,1
1,0,0,0,1,0,0,0,1
1,0,0,0,1,0,0,0,1
1,0,0,0,1,0,0,0,1
1,0,0,0,1,0,0,0,1
1,0,0,0,1,0,0,0,1
1,0,0,0,1,0,0,0,1
1,0,0,0,1,0,0,0,1
1,0,0,0,1,0,0,0,1
1,0,0,0,1,0,0,0,1
1,0,0,0,1,0,0,0,1
1,0,0,0,1,0,0,0,1
1,0,0,0,1,0,0,0,1
1,0,0,0,1,0,0,0,1
1,0,0,0,1,0,0,0,1
1,0,0,0,1,0,0,0,1
1,0,0,0,1,0,0,0,1
1,0,0,0,1,0,0,0,1
1,0,0,0,1,0,0,0,1
1,0,0,0,1,0,0,0,1
1,0,0,0,1,0,0,0,1
1,0,0,0,1,0,0,0,1
1,0,0,0,1,0,0,0,1
1,0,0,0,1,0,0,0,1
1,0,0,0,1,0,0,0,1
1,0,0,0,1,0,0,0,1
1,0,0,0,1,0,0,0,1
1,0,0,0,1,0,0,0,1
1,0,0,0,1,0,0,0,1
1,0,0,0,1,0,0,0,1
1,0,0,0,1,0,0,0,1
1,0,0,0,1,0,0,0,1
1,0,0,0,1,0,0,0,1
1,0,0,0,1,0,0,0,1
1,0,0,0,1,0,0,0,1
1,0,0,0,1,0,0,0,1
1,0,0,0,1,0,0,0,1
1,0,0,0,1,0,0,0,1
1,0,0,0,1,0,0,0,1
1,0,0,0,1,0,0,0,1
1,0,0,0,1,0,0,0,1
1,0,0,0,1,0,0,0,1
1,0,0,0,1,0,0,0,1
1,0,0,0,1,0,0,0,1
1,0,0,0,1,0,0,0,1
1,0,0,0,1,0,0,0,1
1,0,0,0,1,0,0,0,1
1,0,0,0,1,0,0,0,1
1,0,0,0,1,0,0,0,1
1,0,0,0,1,0,0,0,1
1,0,0,0,1,0,0,0,1
1,0,0,0,1,0,0,0,1
1,0,0,0,1,0,0,0,1
1,0,0,0,1,0,0,0,1
1,0,0,0,1,0,0,0,1
1,0,0,0,1,0,0,0,1
1,0,0,0,1,0,0,0,1
1,0,0,0,1,0,0,0,1
1,0,0,0,1,0,0,0,1
1,0,0,0,1,0,0,0,1
1,0,0,0,1,0,0,0,1
1,0,0,0,1,0,0,0,1
1,0,0,0,1,0,0,0,1
1,0,0,0,1,0,0,0,1
1,0,0,0,1,0,0,0,1
1,0,0,0,1,0,0,0,1
1,0,0,0,1,0,0,0,1
1,0,0,0,1,0,0,0,1
1,0,0,0,1,0,0,0,1
1,0,0,0,1,0,0,0,1
1,0,0,0,1,0,0,0,1
1,0,0,0,1,0,0,0,1
1,0,0,0,1,0,0,0,1
1,0,0,0,1,0,0,0,1
1,0,0,0,1,0,0,0,1
1,0,0,0,1,0,0,0,1
1,0,0,0,1,0,0,0,1
1,0,0,0,1,0,0,0,1
1,0,0,0,1,0,0,0,1
1,0,0,0,1,0,0,0,1
1,0,0,0,1,0,0,0,1
1,0,0,0,1,0,0,0,1
1,0,0,0,1,0,0,0,1
1,0,0,0,1,0,0,0,1
1,0,0,0,1,0,0,0,1
1,0,0,0,1,0,0,0,1
1,0,0,0,1,0,0,0,1
1,0,0,0,1,0,0,0,1
1,0,0,0,1,0,0,0,1
1,0,0,0,1,0,0,0,1
1,0,0,0,1,0,0,0,1
1,0,0,0,1,0,0,0,1
1,0,0,0,1,0,0,0,1
1,0,0,0,1,0,0,0,1
1,0,0,0,1,0,0,0,1
1,0,0,0,1,0,0,0,1
1,0,0,0,1,0,0,0,1
1,0,0,0,1,0,0,0,1
1,0,0,0,1,0,0,0,1
1,0,0,0,1,0,0,0,1
1,0,0,0,1,0,0,0,1
1,0,0,0,1,0,0,0,1
1,0,0,0,1,0,0,0,1
1,0,0,0,1,0,0,0,1
1,0,0,0,1,0,0,0,1
1,0,0,0,1,0,0,0,1
1,0,0,0,1,0,0,0,1
1,0,0,0,1,0,0,0,1
1,0,0,0,1,0,0,0,1
1,0,0,0,1,0,0,0,1
1,0,0,0,1,0,0,0,1
1,0,0,0,1,0,0,0,1
1,0,0,0,1,0,0,0,1
1,0,0,0,1,0,0,0,1
1,0,0,0,1,0,0,0,1
1,0,0,0,1,0,0,0,1
1,0,0,0,1,0,0,0,1
1,0,0,0,1,0,0,0,1
1,0,0,0,1,0,0,0,1
1,0,0,0,1,0,0,0,1
1,0,0,0,1,0,0,0,1
1,0,0,0,1,0,0,0,1
1,0,0,0,1,0,0,0,1
1,0,0,0,1,0,0,0,1
1,0,0,0,1,0,0,0,1
1,0,0,0,1,0,0,0,1
1,0,0,0,1,0,0,0,1
1,0,0,0,1,0,0,0,1
1,0,0,0,1,0,0,0,1
1,0,0,0,1,0,0,0,1
1,0,0,0,1,0,0,0,1
1,0,0,0,1,0,0,0,1
1,0,0,0,1,0,0,0,1
1,0,0,0,1,0,0,0,1
1,0,0,0,1,0,0,0,1
1,0,0,0,1,0,0,0,1
1,0,0,0,1,0,0,0,1
1,0,0,0,1,0,0,0,1
1,0,0,0,1,0,0,0,1
1,0,0,0,1,0,0,0,1
1,0,0,0,1,0,0,0,1
1,0,0,0,1,0,0,0,1
1,0,0,0,1,0,0,0,1
1,0,0,0,1,0,0,0,1
1,0,0,0,1,0,0,0,1
1,0,0,0,1,0,0,0,1
1,0,0,0,1,0,0,0,1
1,0,0,0,1,0,0,0,1
1,0,0,0,1,0,0,0,1
1,0,0,0,1,0,0,0,1
1,0,0,0,1,0,0,0,1
1,0,0,0,1,0,0,0,1
1,0,0,0,1,0,0,0,1
1,0,0,0,1,0,0,0,1
1,0,0,0,1,0,0,0,1
1,0,0,0,1,0,0,0,1
1,0,0,0,1,0,0,0,1
1,0,0,0,1,0,0,0,1
1,0,0,0,1,0,0,0,1
1,0,0,0,1,0,0,0,1
1,0,0,0,1,0,0,0,1
1,0,0,0,1,0,0,0,1
1,0,0,0,1,0,0,0,1
1,0,0,0,1,0,0,0,1
1,0,0,0,1,0,0,0,1
1,0,0,0,1,0,0,0,1
1,0,0,0,1,0,0,0,1
1,0,0,0,1,0,0,0,1
1,0,0,0,1,0,0,0,1
1,0,0,0,1,0,0,0,1
1,0,0,0,1,0,0,0,1
1,0,0,0,1,0,0,0,1
1,0,0,0,1,0,0,0,1
1,0,0,0,1,0,0,0,1
1,0,0,0,1,0,0,0,1
1,0,0,0,1,0,0,0,1
1,0,0,0,1,0,0,0,1
1,0,0,0,1,0,0,0,1
1,0,0,0,1,0,0,0,1
1,0,0,0,1,0,0,0,1
1,0,0,0,1,0,0,0,1
1,0,0,0,1,0,0,0,1
1,0,0,0,1,0,0,0,1
1,0,0,0,1,0,0,0,1
1,0,0,0,1,0,0,0,1
1,0,0,0,1,0,0,0,1
1,0,0,0,1,0,0,0,1
1,0,0,0,1,0,0,0,1
1,0,0,0,1,0,0,0,1
1,0,0,0,1,0,0,0,1
1,0,0,0,1,0,0,0,1
1,0,0,0,1,0,0,0,1
1,0,0,0,1,0,0,0,1
1,0,0,0,1,0,0,0,1
1,0,0,0,1,0,0,0,1
1,0,0,0,1,0,0,0,1
1,0,0,0,1,0,0,0,1
1,0,0,0,1,0,0,0,1
1,0,0,0,1,0,0,0,1
1,0,0,0,1,0,0,0,1
1,0,0,0,1,0,0,0,1
1,0,0,0,1,0,0,0,1
1,0,0,0,1,0,0,0,1
1,0,0,0,1,0,0,0,1
1,0,0,0,1,0,0,0,1
1,0,0,0,1,0,0,0,1
1,0,0,0,1,0,0,0,1
1,0,0,0,1,0,0,0,1
1,0,0,0,1,0,0,0,1
1,0,0,0,1,0,0,0,1
1,0,0,0,1,0,0,0,1
1,0,0,0,1,0,0,0,1
1,0,0,0,1,0,0,0,1
1,0,0,0,1,0,0,0,1
1,0,0,0,1,0,0,0,1
1,0,0,0,1,0,0,0,1
1,0,0,0,1,0,0,0,1
1,0,0,0,1,0,0,0,1
1,0,0,0,1,0,0,0,1
1,0,0,0,1,0,0,0,1
1,0,0,0,1,0,0,0,1
1,0,0,0,1,0,0,0,1
1,0,0,0,1,0,0,0,1
1,0,0,0,1,0,0,0,1
1,0,0,0,1,0,0,0,1
1,0,0,0,1,0,0,0,1
1,0,0,0,1,0,0,0,1
1,0,0,0,1,0,0,0,1
1,0,0,0,1,0,0,0,1
1,0,0,0,1,0,0,0,1
1,0,0,0,1,0,0,0,1
1,0,0,0,1,0,0,0,1
1,0,0,0,1,0,0,0,1
1,0,0,0,1,0,0,0,1
1,0,0,0,1,0,0,0,1
1,0,0,0,1,0,0,0,1
1,0,0,0,1,0,0,0,1
1,0,0,0,1,0,0,0,1
1,0,0,0,1,0,0,0,1
1,0,0,0,1,0,0,0,1
1,0,0,0,1,0,0,0,1
1,0,0,0,1,0,0,0,1
1,0,0,0,1,0,0,0,1
1,0,0,0,1,0,0,0,1
1,0,0,0,1,0,0,0,1
1,0,0,0,1,0,0,0,1
1,0,0,0,1,0,0,0,1
1,0,0,0,1,0,0,0,1
1,0,0,0,1,0,0,0,1
1,0,0,0,1,0,0,0,1
1,0,0,0,1,0,0,0,1
1,0,0,0,1,0,0,0,1
1,0,0,0,1,0,0,0,1
1,0,0,0,1,0,0,0,1
1,0,0,0,1,0,0,0,1
1,0,0,0,1,0,0,0,1
1,0,0,0,1,0,0,0,1
1,0,0,0,1,0,0,0,1
1,0,0,0,1,0,0,0,1
1,0,0,0,1,0,0,0,1
1,0,0,0,1,0,0,0,1
1,0,0,0,1,0,0,0,1
1,0,0,0,1,0,0,0,1
1,0,0,0,1,0,0,0,1
1,0,0,0,1,0,0,0,1
1,0,0,0,1,0,0,0,1
1,0,0,0,1,0,0,0,1
1,0,0,0,1,0,0,0,1
1,0,0,0,1,0,0,0,1
1,0,0,0,1,0,0,0,1
1,0,0,0,1,0,0,0,1
1,0,0,0,1,0,0,0,1
1,0,0,0,1,0,0,0,1
1,0,0,0,1,0,0,0,1
1,0,0,0,1,0,0,0,1
1,0,0,0,1,0,0,0,1
1,0,0,0,1,0,0,0,1
1,0,0,0,1,0,0,0,1
1,0,0,0,1,0,0,0,1
1,0,0,0,1,0,0,0,1
1,0,0,0,1,0,0,0,1
1,0,0,0,1,0,0,0,1
1,0,0,0,1,0,0,0,1
1,0,0,0,1,0,0,0,1
1,0,0,0,1,0,0,0,1
1,0,0,0,1,0,0,0,1
1,0,0,0,1,0,0,0,1
1,0,0,0,1,0,0,0,1
1,0,0,0,1,0,0,0,1
1,0,0,0,1,0,0,0,1
1,0,0,0,1,0,0,0,1
1,0,0,0,1,0,0,0,1
1,0,0,0,1,0,0,0,1
1,0,0,0,1,0,0,0,1
1,0,0,0,1,0,0,0,1
1,0,0,0,1,0,0,0,1
1,0,0,0,1,0,0,0,1
1,0,0,0,1,0,0,0,1
1,0,0,0,1,0,0,0,1
1,0,0,0,1,0,0,0,1
1,0,0,0,1,0,0,0,1
1,0,0,0,1,0,0,0,1
1,0,0,0,1,0,0,0,1
1,0,0,0,1,0,0,0,1
1,0,0,0,1,0,0,0,1
1,0,0,0,1,0,0,0,1
1,0,0,0,1,0,0,0,1
1,0,0,0,1,0,0,0,1
1,0,0,0,1,0,0,0,1
1,0,0,0,1,0,0,0,1
1,0,0,0,1,0,0,0,1
1,0,0,0,1,0,0,0,1
1,0,0,0,1,0,0,0,1
1,0,0,0,1,0,0,0,1
1,0,0,0,1,0,0,0,1
1,0,0,0,1,0,0,0,1
1,0,0,0,1,0,0,0,1
1,0,0,0,1,0,0,0,1
1,0,0,0,1,0,0,0,1
1,0,0,0,1,0,0,0,1
1,0,0,0,1,0,0,0,1
1,0,0,0,1,0,0,0,1
1,0,0,0,1,0,0,0,1
1,0,0,0,1,0,0,0,1
1,0,0,0,1,0,0,0,1
1,0,0,0,1,0,0,0,1
1,0,0,0,1,0,0,0,1
1,0,0,0,1,0,0,0,1
1,0,0,0,1,0,0,0,1
1,0,0,0,1,0,0,0,1
1,0,0,0,1,0,0,0,1
1,0,0,0,1,0,0,0,1
1,0,0,0,1,0,0,0,1
1,0,0,0,1,0,0,0,1
1,0,0,0,1,0,0,0,1
1,0,0,0,1,0,0,0,1
1,0,0,0,1,0,0,0,1
1,0,0,0,1,0,0,0,1
1,0,0,0,1,0,0,0,1
1,0,0,0,1,0,0,0,1
1,0,0,0,1,0,0,0,1
1,0,0,0,1,0,0,0,1
1,0,0,0,1,0,0,0,1
1,0,0,0,1,0,0,0,1
1,0,0,0,1,0,0,0,1
1,0,0,0,1,0,0,0,1
1,0,0,0,1,0,0,0,1
1,0,0,0,1,0,0,0,1
1,0,0,0,1,0,0,0,1
1,0,0,0,1,0,0,0,1
1,0,0,0,1,0,0,0,1
1,0,0,0,1,0,0,0,1
1,0,0,0,1,0,0,0,1
1,0,0,0,1,0,0,0,1
1,0,0,0,1,0,0,0,1
1,0,0,0,1,0,0,0,1
1,0,0,0,1,0,0,0,1
1,0,0,0,1,0,0,0,1
1,0,0,0,1,0,0,0,1
1,0,0,0,1,0,0,0,1
1,0,0,0,1,0,0,0,1
1,0,0,0,1,0,0,0,1
1,0,0,0,1,0,0,0,1
1,0,0,0,1,0,0,0,1
1,0,0,0,1,0,0,0,1
1,0,0,0,1,0,0,0,1
1,0,0,0,1,0,0,0,1
1,0,0,0,1,0,0,0,1
1,0,0,0,1,0,0,0,1
1,0,0,0,1,0,0,0,1
1,0,0,0,1,0,0,0,1
1,0,0,0,1,0,0,0,1
1,0,0,0,1,0,0,0,1
1,0,0,0,1,0,0,0,1
1,0,0,0,1,0,0,0,1
1,0,0,0,1,0,0,0,1
1,0,0,0,1,0,0,0,1
1,0,0,0,1,0,0,0,1
1,0,0,0,1,0,0,0,1
1,0,0,0,1,0,0,0,1
1,0,0,0,1,0,0,0,1
1,0,0,0,1,0,0,0,1
1,0,0,0,1,0,0,0,1
1,0,0,0,1,0,0,0,1
1,0,0,0,1,0,0,0,1
1,0,0,0,1,0,0,0,1
1,0,0,0,1,0,0,0,1
1,0,0,0,1,0,0,0,1
1,0,0,0,1,0,0,0,1
1,0,0,0,1,0,0,0,1
1,0,0,0,1,0,0,0,1
1,0,0,0,1,0,0,0,1
1,0,0,0,1,0,0,0,1
1,0,0,0,1,0,0,0,1
1,0,0,0,1,0,0,0,1
1,0,0,0,1,0,0,0,1
1,0,0,0,1,0,0,0,1
1,0,0,0,1,0,0,0,1
1,0,0,0,1,0,0,0,1
1,0,0,0,1,0,0,0,1
1,0,0,0,1,0,0,0,1
1,0,0,0,1,0,0,0,1
1,0,0,0,1,0,0,0,1
1,0,0,0,1,0,0,0,1
1,0,0,0,1,0,0,0,1
1,0,0,0,1,0,0,0,1
1,0,0,0,1,0,0,0,1
1,0,0,0,1,0,0,0,1
1,0,0,0,1,0,0,0,1
1,0,0,0,1,0,0,0,1
1,0,0,0,1,0,0,0,1
1,0,0,0,1,0,0,0,1
1,0,0,0,1,0,0,0,1
1,0,0,0,1,0,0,0,1
1,0,0,0,1,0,0,0,1
1,0,0,0,1,0,0,0,1
1,0,0,0,1,0,0,0,1
1,0,0,0,1,0,0,0,1
1,0,0,0,1,0,0,0,1
1,0,0,0,1,0,0,0,1
1,0,0,0,1,0,0,0,1
1,0,0,0,1,0,0,0,1
1,0,0,0,1,0,0,0,1
1,0,0,0,1,0,0,0,1
1,0,0,0,1,0,0,0,1
1,0,0,0,1,0,0,0,1
1,0,0,0,1,0,0,0,1
1,0,0,0,1,0,0,0,1
1,0,0,0,1,0,0,0,1
1,0,0,0,1,0,0,0,1
1,0,0,0,1,0,0,0,1
1,0,0,0,1,0,0,0,1
1,0,0,0,1,0,0,0,1
1,0,0,0,1,0,0,0,1
1,0,0,0,1,0,0,0,1
1,0,0,0,1,0,0,0,1
1,0,0,0,1,0,0,0,1
1,0,0,0,1,0,0,0,1
1,0,0,0,1,0,0,0,1
1,0,0,0,1,0,0,0,1
1,0,0,0,1,0,0,0,1
1,0,0,0,1,0,0,0,1
1,0,0,0,1,0,0,0,1
1,0,0,0,1,0,0,0,1
1,0,0,0,1,0,0,0,1
1,0,0,0,1,0,0,0,1
1,0,0,0,1,0,0,0,1
1,0,0,0,1,0,0,0,1
1,0,0,0,1,0,0,0,1
1,0,0,0,1,0,0,0,1
1,0,0,0,1,0,0,0,1
1,0,0,0,1,0,0,0,1
1,0,0,0,1,0,0,0,1
1,0,0,0,1,0,0,0,1
1,0,0,0,1,0,0,0,1
1,0,0,0,1,0,0,0,1
1,0,0,0,1,0,0,0,1
1,0,0,0,1,0,0,0,1
1,0,0,0,1,0,0,0,1
1,0,0,0,1,0,0,0,1
1,0,0,0,1,0,0,0,1
1,0,0,0,1,0,0,0,1
1,0,0,0,1,0,0,0,1
1,0,0,0,1,0,0,0,1
1,0,0,0,1,0,0,0,1
1,0,0,0,1,0,0,0,1
1,0,0,0,1,0,0,0,1
1,0,0,0,1,0,0,0,1
1,0,0,0,1,0,0,0,1
1,0,0,0,1,0,0,0,1
1,0,0,0,1,0,0,0,1
1,0,0,0,1,0,0,0,1
1,0,0,0,1,0,0,0,1
1,0,0,0,1,0,0,0,1
1,0,0,0,1,0,0,0,1
1,0,0,0,1,0,0,0,1
1,0,0,0,1,0,0,0,1
1,0,0,0,1,0,0,0,1
1,0,0,0,1,0,0,0,1
1,0,0,0,1,0,0,0,1
1,0,0,0,1,0,0,0,1
1,0,0,0,1,0,0,0,1
1,0,0,0,1,0,0,0,1
1,0,0,0,1,0,0,0,1
1,0,0,0,1,0,0,0,1
1,0,0,0,1,0,0,0,1
1,0,0,0,1,0,0,0,1
1,0,0,0,1,0,0,0,1
1,0,0,0,1,0,0,0,1
1,0,0,0,1,0,0,0,1
1,0,0,0,1,0,0,0,1
1,0,0,0,1,0,0,0,1
1,0,0,0,1,0,0,0,1
1,0,0,0,1,0,0,0,1
1,0,0,0,1,0,0,0,1
1,0,0,0,1,0,0,0,1
1,0,0,0,1,0,0,0,1
1,0,0,0,1,0,0,0,1
1,0,0,0,1,0,0,0,1
1,0,0,0,1,0,0,0,1
1,0,0,0,1,0,0,0,1
1,0,0,0,1,0,0,0,1
1,0,0,0,1,0,0,0,1
1,0,0,0,1,0,0,0,1
1,0,0,0,1,0,0,0,1
1,0,0,0,1,0,0,0,1
1,0,0,0,1,0,0,0,1
1,0,0,0,1,0,0,0,1
1,0,0,0,1,0,0,0,1
1,0,0,0,1,0,0,0,1
1,0,0,0,1,0,0,0,1
1,0,0,0,1,0,0,0,1
1,0,0,0,1,0,0,0,1
1,0,0,0,1,0,0,0,1
1,0,0,0,1,0,0,0,1
1,0,0,0,1,0,0,0,1
1,0,0,0,1,0,0,0,1
1,0,0,0,1,0,0,0,1
1,0,0,0,1,0,0,0,1
1,0,0,0,1,0,0,0,1
1,0,0,0,1,0,0,0,1
1,0,0,0,1,0,0,0,1
1,0,0,0,1,0,0,0,1
1,0,0,0,1,0,0,0,1
1,0,0,0,1,0,0,0,1
1,0,0,0,1,0,0,0,1
1,0,0,0,1,0,0,0,1
1,0,0,0,1,0,0,0,1
1,0,0,0,1,0,0,0,1
1,0,0,0,1,0,0,0,1
1,0,0,0,1,0,0,0,1
1,0,0,0,1,0,0,0,1
1,0,0,0,1,0,0,0,1
1,0,0,0,1,0,0,0,1
1,0,0,0,1,0,0,0,1
1,0,0,0,1,0,0,0,1
1,0,0,0,1,0,0,0,1
1,0,0,0,1,0,0,0,1
1,0,0,0,1,0,0,0,1
1,0,0,0,1,0,0,0,1
1,0,0,0,1,0,0,0,1
1,0,0,0,1,0,0,0,1
1,0,0,0,1,0,0,0,1
1,0,0,0,1,0,0,0,1
1,0,0,0,1,0,0,0,1
1,0,0,0,1,0,0,0,1
1,0,0,0,1,0,0,0,1
1,0,0,0,1,0,0,0,1
1,0,0,0,1,0,0,0,1
1,0,0,0,1,0,0,0,1
1,0,0,0,1,0,0,0,1
1,0,0,0,1,0,0,0,1
1,0,0,0,1,0,0,0,1
1,0,0,0,1,0,0,0,1
1,0,0,0,1,0,0,0,1
1,0,0,0,1,0,0,0,1
1,0,0,0,1,0,0,0,1
1,0,0,0,1,0,0,0,1
1,0,0,0,1,0,0,0,1
1,0,0,0,1,0,0,0,1
1,0,0,0,1,0,0,0,1
1,0,0,0,1,0,0,0,1
1,0,0,0,1,0,0,0,1
1,0,0,0,1,0,0,0,1
1,0,0,0,1,0,0,0,1
1,0,0,0,1,0,0,0,1
1,0,0,0,1,0,0,0,1
1,0,0,0,1,0,0,0,1
1,0,0,0,1,0,0,0,1
1,0,0,0,1,0,0,0,1
1,0,0,0,1,0,0,0,1
1,0,0,0,1,0,0,0,1
1,0,0,0,1,0,0,0,1
1,0,0,0,1,0,0,0,1
1,0,0,0,1,0,0,0,1
1,0,0,0,1,0,0,0,1
1,0,0,0,1,0,0,0,1
1,0,0,0,1,0,0,0,1
1,0,0,0,1,0,0,0,1
1,0,0,0,1,0,0,0,1
1,0,0,0,1,0,0,0,1
1,0,0,0,1,0,0,0,1
1,0,0,0,1,0,0,0,1
1,0,0,0,1,0,0,0,1
1,0,0,0,1,0,0,0,1
1,0,0,0,1,0,0,0,1
1,0,0,0,1,0,0,0,1
1,0,0,0,1,0,0,0,1
1,0,0,0,1,0,0,0,1
1,0,0,0,1,0,0,0,1
1,0,0,0,1,0,0,0,1
1,0,0,0,1,0,0,0,1
1,0,0,0,1,0,0,0,1
1,0,0,0,1,0,0,0,1
1,0,0,0,1,0,0,0,1
1,0,0,0,1,0,0,0,1
1,0,0,0,1,0,0,0,1
1,0,0,0,1,0,0,0,1
1,0,0,0,1,0,0,0,1
1,0,0,0,1,0,0,0,1
1,0,0,0,1,0,0,0,1
1,0,0,0,1,0,0,0,1
1,0,0,0,1,0,0,0,1
1,0,0,0,1,0,0,0,1
1,0,0,0,1,0,0,0,1
1,0,0,0,1,0,0,0,1
1,0,0,0,1,0,0,0,1
1,0,0,0,1,0,0,0,1
1,0,0,0,1,0,0,0,1
1,0,0,0,1,0,0,0,1
1,0,0,0,1,0,0,0,1
1,0,0,0,1,0,0,0,1
1,0,0,0,1,0,0,0,1
1,0,0,0,1,0,0,0,1
1,0,0,0,1,0,0,0,1
1,0,0,0,1,0,0,0,1
1,0,0,0,1,0,0,0,1
1,0,0,0,1,0,0,0,1
1,0,0,0,1,0,0,0,1
1,0,0,0,1,0,0,0,1
1,0,0,0,1,0,0,0,1
1,0,0,0,1,0,0,0,1
1,0,0,0,1,0,0,0,1
1,0,0,0,1,0,0,0,1
1,0,0,0,1,0,0,0,1
1,0,0,0,1,0,0,0,1
1,0,0,0,1,0,0,0,1
1,0,0,0,1,0,0,0,1
1,0,0,0,1,0,0,0,1
1,0,0,0,1,0,0,0,1
1,0,0,0,1,0,0,0,1
1,0,0,0,1,0,0,0,1
1,0,0,0,1,0,0,0,1
1,0,0,0,1,0,0,0,1
1,0,0,0,1,0,0,0,1
1,0,0,0,1,0,0,0,1
1,0,0,0,1,0,0,0,1
1,0,0,0,1,0,0,0,1
1,0,0,0,1,0,0,0,1
1,0,0,0,1,0,0,0,1
1,0,0,0,1,0,0,0,1
1,0,0,0,1,0,0,0,1
1,0,0,0,1,0,0,0,1
1,0,0,0,1,0,0,0,1
1,0,0,0,1,0,0,0,1
1,0,0,0,1,0,0,0,1
1,0,0,0,1,0,0,0,1
1,0,0,0,1,0,0,0,1
1,0,0,0,1,0,0,0,1
1,0,0,0,1,0,0,0,1
1,0,0,0,1,0,0,0,1
1,0,0,0,1,0,0,0,1
1,0,0,0,1,0,0,0,1
1,0,0,0,1,0,0,0,1
1,0,0,0,1,0,0,0,1
1,0,0,0,1,0,0,0,1
1,0,0,0,1,0,0,0,1
1,0,0,0,1,0,0,0,1
1,0,0,0,1,0,0,0,1
1,0,0,0,1,0,0,0,1
1,0,0,0,1,0,0,0,1
1,0,0,0,1,0,0,0,1
1,0,0,0,1,0,0,0,1
1,0,0,0,1,0,0,0,1
1,0,0,0,1,0,0,0,1
1,0,0,0,1,0,0,0,1
1,0,0,0,1,0,0,0,1
1,0,0,0,1,0,0,0,1
1,0,0,0,1,0,0,0,1
1,0,0,0,1,0,0,0,1
1,0,0,0,1,0,0,0,1
1,0,0,0,1,0,0,0,1
1,0,0,0,1,0,0,0,1
1,0,0,0,1,0,0,0,1
1,0,0,0,1,0,0,0,1
1,0,0,0,1,0,0,0,1
1,0,0,0,1,0,0,0,1
1,0,0,0,1,0,0,0,1
1,0,0,0,1,0,0,0,1
1,0,0,0,1,0,0,0,1
1,0,0,0,1,0,0,0,1
1,0,0,0,1,0,0,0,1
1,0,0,0,1,0,0,0,1
1,0,0,0,1,0,0,0,1
1,0,0,0,1,0,0,0,1
1,0,0,0,1,0,0,0,1
1,0,0,0,1,0,0,0,1
1,0,0,0,1,0,0,0,1
1,0,0,0,1,0,0,0,1
1,0,0,0,1,0,0,0,1
1,0,0,0,1,0,0,0,1
1,0,0,0,1,0,0,0,1
1,0,0,0,1,0,0,0,1
1,0,0,0,1,0,0,0,1
1,0,0,0,1,0,0,0,1
1,0,0,0,1,0,0,0,1
1,0,0,0,1,0,0,0,1
1,0,0,0,1,0,0,0,1
1,0,0,0,1,0,0,0,1
1,0,0,0,1,0,0,0,1
1,0,0,0,1,0,0,0,1
1,0,0,0,1,0,0,0,1
1,0,0,0,1,0,0,0,1
1,0,0,0,1,0,0,0,1
1,0,0,0,1,0,0,0,1
1,0,0,0,1,0,0,0,1
1,0,0,0,1,0,0,0,1
1,0,0,0,1,0,0,0,1
1,0,0,0,1,0,0,0,1
1,0,0,0,1,0,0,0,1
1,0,0,0,1,0,0,0,1
1,0,0,0,1,0,0,0,1
1,0,0,0,1,0,0,0,1
1,0,0,0,1,0,0,0,1
1,0,0,0,1,0,0,0,1
1,0,0,0,1,0,0,0,1
1,0,0,0,1,0,0,0,1
1,0,0,0,1,0,0,0,1
1,0,0,0,1,0,0,0,1
1,0,0,0,1,0,0,0,1
1,0,0,0,1,0,0,0,1
1,0,0,0,1,0,0,0,1
1,0,0,0,1,0,0,0,1
1,0,0,0,1,0,0,0,1
1,0,0,0,1,0,0,0,1
1,0,0,0,1,0,0,0,1
1,0,0,0,1,0,0,0,1
1,0,0,0,1,0,0,0,1
1,0,0,0,1,0,0,0,1
1,0,0,0,1,0,0,0,1
1,0,0,0,1,0,0,0,1
1,0,0,0,1,0,0,0,1
1,0,0,0,1,0,0,0,1
1,0,0,0,1,0,0,0,1
1,0,0,0,1,0,0,0,1
1,0,0,0,1,0,0,0,1
1,0,0,0,1,0,0,0,1
1,0,0,0,1,0,0,0,1
1,0,0,0,1,0,0,0,1
1,0,0,0,1,0,0,0,1
1,0,0,0,1,0,0,0,1
1,0,0,0,1,0,0,0,1
1,0,0,0,1,0,0,0,1
1,0,0,0,1,0,0,0,1
1,0,0,0,1,0,0,0,1
1,0,0,0,1,0,0,0,1
1,0,0,0,1,0,0,0,1
1,0,0,0,1,0,0,0,1
1,0,0,0,1,0,0,0,1
1,0,0,0,1,0,0,0,1
1,0,0,0,1,0,0,0,1
1,0,0,0,1,0,0,0,1
1,0,0,0,1,0,0,0,1
1,0,0,0,1,0,0,0,1
1,0,0,0,1,0,0,0,1
1,0,0,0,1,0,0,0,1
1,0,0,0,1,0,0,0,1
1,0,0,0,1,0,0,0,1
1,0,0,0,1,0,0,0,1
1,0,0,0,1,0,0,0,1
1,0,0,0,1,0,0,0,1
1,0,0,0,1,0,0,0,1
1,0,0,0,1,0,0,0,1
1,0,0,0,1,0,0,0,1
1,0,0,0,1,0,0,0,1
1,0,0,0,1,0,0,0,1
1,0,0,0,1,0,0,0,1
1,0,0,0,1,0,0,0,1
1,0,0,0,1,0,0,0,1
1,0,0,0,1,0,0,0,1
1,0,0,0,1,0,0,0,1
1,0,0,0,1,0,0,0,1
1,0,0,0,1,0,0,0,1
1,0,0,0,1,0,0,0,1
1,0,0,0,1,0,0,0,1
1,0,0,0,1,0,0,0,1
1,0,0,0,1,0,0,0,1
1,0,0,0,1,0,0,0,1
1,0,0,0,1,0,0,0,1
1,0,0,0,1,0,0,0,1
1,0,0,0,1,0,0,0,1
1,0,0,0,1,0,0,0,1
1,0,0,0,1,0,0,0,1
1,0,0,0,1,0,0,0,1
1,0,0,0,1,0,0,0,1
1,0,0,0,1,0,0,0,1
1,0,0,0,1,0,0,0,1
1,0,0,0,1,0,0,0,1
1,0,0,0,1,0,0,0,1
1,0,0,0,1,0,0,0,1
1,0,0,0,1,0,0,0,1
1,0,0,0,1,0,0,0,1
1,0,0,0,1,0,0,0,1
1,0,0,0,1,0,0,0,1
1,0,0,0,1,0,0,0,1
1,0,0,0,1,0,0,0,1
1,0,0,0,1,0,0,0,1
1,0,0,0,1,0,0,0,1
1,0,0,0,1,0,0,0,1
1,0,0,0,1,0,0,0,1
1,0,0,0,1,0,0,0,1
1,0,0,0,1,0,0,0,1
1,0,0,0,1,0,0,0,1
1,0,0,0,1,0,0,0,1
1,0,0,0,1,0,0,0,1
1,0,0,0,1,0,0,0,1
1,0,0,0,1,0,0,0,1
1,0,0,0,1,0,0,0,1
1,0,0,0,1,0,0,0,1
1,0,0,0,1,0,0,0,1
1,0,0,0,1,0,0,0,1
1,0,0,0,1,0,0,0,1
1,0,0,0,1,0,0,0,1
1,0,0,0,1,0,0,0,1
1,0,0,0,1,0,0,0,1
1,0,0,0,1,0,0,0,1
1,0,0,0,1,0,0,0,1
1,0,0,0,1,0,0,0,1
1,0,0,0,1,0,0,0,1
1,0,0,0,1,0,0,0,1
1,0,0,0,1,0,0,0,1
1,0,0,0,1,0,0,0,1
1,0,0,0,1,0,0,0,1
1,0,0,0,1,0,0,0,1
1,0,0,0,1,0,0,0,1
1,0,0,0,1,0,0,0,1
1,0,0,0,1,0,0,0,1
1,0,0,0,1,0,0,0,1
1,0,0,0,1,0,0,0,1
1,0,0,0,1,0,0,0,1
1,0,0,0,1,0,0,0,1
1,0,0,0,1,0,0,0,1
1,0,0,0,1,0,0,0,1
1,0,0,0,1,0,0,0,1
1,0,0,0,1,0,0,0,1
1,0,0,0,1,0,0,0,1
1,0,0,0,1,0,0,0,1
1,0,0,0,1,0,0,0,1
1,0,0,0,1,0,0,0,1
1,0,0,0,1,0,0,0,1
1,0,0,0,1,0,0,0,1
1,0,0,0,1,0,0,0,1
1,0,0,0,1,0,0,0,1
1,0,0,0,1,0,0,0,1
1,0,0,0,1,0,0,0,1
1,0,0,0,1,0,0,0,1
1,0,0,0,1,0,0,0,1
1,0,0,0,1,0,0,0,1
1,0,0,0,1,0,0,0,1
1,0,0,0,1,0,0,0,1
1,0,0,0,1,0,0,0,1
1,0,0,0,1,0,0,0,1
1,0,0,0,1,0,0,0,1
1,0,0,0,1,0,0,0,1
1,0,0,0,1,0,0,0,1
1,0,0,0,1,0,0,0,1
1,0,0,0,1,0,0,0,1
1,0,0,0,1,0,0,0,1
1,0,0,0,1,0,0,0,1
1,0,0,0,1,0,0,0,1
1,0,0,0,1,0,0,0,1
1,0,0,0,1,0,0,0,1
1,0,0,0,1,0,0,0,1
1,0,0,0,1,0,0,0,1
1,0,0,0,1,0,0,0,1
1,0,0,0,1,0,0,0,1
1,0,0,0,1,0,0,0,1
1,0,0,0,1,0,0,0,1
1,0,0,0,1,0,0,0,1
1,0,0,0,1,0,0,0,1
1,0,0,0,1,0,0,0,1
1,0,0,0,1,0,0,0,1
1,0,0,0,1,0,0,0,1
1,0,0,0,1,0,0,0,1
1,0,0,0,1,0,0,0,1
1,0,0,0,1,0,0,0,1
1,0,0,0,1,0,0,0,1
1,0,0,0,1,0,0,0,1
1,0,0,0,1,0,0,0,1
1,0,0,0,1,0,0,0,1
1,0,0,0,1,0,0,0,1
1,0,0,0,1,0,0,0,1
1,0,0,0,1,0,0,0,1
1,0,0,0,1,0,0,0,1
1,0,0,0,1,0,0,0,1
1,0,0,0,1,0,0,0,1
1,0,0,0,1,0,0,0,1
1,0,0,0,1,0,0,0,1
1,0,0,0,1,0,0,0,1
1,0,0,0,1,0,0,0,1
1,0,0,0,1,0,0,0,1
1,0,0,0,1,0,0,0,1
1,0,0,0,1,0,0,0,1
1,0,0,0,1,0,0,0,1
1,0,0,0,1,0,0,0,1
1,0,0,0,1,0,0,0,1
1,0,0,0,1,0,0,0,1
1,0,0,0,1,0,0,0,1
1,0,0,0,1,0,0,0,1
1,0,0,0,1,0,0,0,1
1,0,0,0,1,0,0,0,1
1,0,0,0,1,0,0,0,1
1,0,0,0,1,0,0,0,1
1,0,0,0,1,0,0,0,1
1,0,0,0,1,0,0,0,1
1,0,0,0,1,0,0,0,1
1,0,0,0,1,0,0,0,1
1,0,0,0,1,0,0,0,1
1,0,0,0,1,0,0,0,1
1,0,0,0,1,0,0,0,1
1,0,0,0,1,0,0,0,1
1,0,0,0,1,0,0,0,1
1,0,0,0,1,0,0,0,1
1,0,0,0,1,0,0,0,1
1,0,0,0,1,0,0,0,1
1,0,0,0,1,0,0,0,1
1,0,0,0,1,0,0,0,1
1,0,0,0,1,0,0,0,1
1,0,0,0,1,0,0,0,1
1,0,0,0,1,0,0,0,1
1,0,0,0,1,0,0,0,1
1,0,0,0,1,0,0,0,1
1,0,0,0,1,0,0,0,1
1,0,0,0,1,0,0,0,1
1,0,0,0,1,0,0,0,1
1,0,0,0,1,0,0,0,1
1,0,0,0,1,0,0,0,1
1,0,0,0,1,0,0,0,1
1,0,0,0,1,0,0,0,1
1,0,0,0,1,0,0,0,1
1,0,0,0,1,0,0,0,1
1,0,0,0,1,0,0,0,1
1,0,0,0,1,0,0,0,1
1,0,0,0,1,0,0,0,1
1,0,0,0,1,0,0,0,1
1,0,0,0,1,0,0,0,1
1,0,0,0,1,0,0,0,1
1,0,0,0,1,0,0,0,1
1,0,0,0,1,0,0,0,1
1,0,0,0,1,0,0,0,1
1,0,0,0,1,0,0,0,1
1,0,0,0,1,0,0,0,1
1,0,0,0,1,0,0,0,1
1,0,0,0,1,0,0,0,1
1,0,0,0,1,0,0,0,1
1,0,0,0,1,0,0,0,1
1,0,0,0,1,0,0,0,1
1,0,0,0,1,0,0,0,1
1,0,0,0,1,0,0,0,1
1,0,0,0,1,0,0,0,1
1,0,0,0,1,0,0,0,1
1,0,0,0,1,0,0,0,1
1,0,0,0,1,0,0,0,1
1,0,0,0,1,0,0,0,1
1,0,0,0,1,0,0,0,1
1,0,0,0,1,0,0,0,1
1,0,0,0,1,0,0,0,1
1,0,0,0,1,0,0,0,1
1,0,0,0,1,0,0,0,1
1,0,0,0,1,0,0,0,1
1,0,0,0,1,0,0,0,1
1,0,0,0,1,0,0,0,1
1,0,0,0,1,0,0,0,1
1,0,0,0,1,0,0,0,1
1,0,0,0,1,0,0,0,1
1,0,0,0,1,0,0,0,1
1,0,0,0,1,0,0,0,1
1,0,0,0,1,0,0,0,1
1,0,0,0,1,0,0,0,1
1,0,0,0,1,0,0,0,1
1,0,0,0,1,0,0,0,1
1,0,0,0,1,0,0,0,1
1,0,0,0,1,0,0,0,1
1,0,0,0,1,0,0,0,1
1,0,0,0,1,0,0,0,1
1,0,0,0,1,0,0,0,1
1,0,0,0,1,0,0,0,1
1,0,0,0,1,0,0,0,1
1,0,0,0,1,0,0,0,1
1,0,0,0,1,0,0,0,1
1,0,0,0,1,0,0,0,1
1,0,0,0,1,0,0,0,1
1,0,0,0,1,0,0,0,1
1,0,0,0,1,0,0,0,1
1,0,0,0,1,0,0,0,1
1,0,0,0,1,0,0,0,1
1,0,0,0,1,0,0,0,1
1,0,0,0,1,0,0,0,1
1,0,0,0,1,0,0,0,1
1,0,0,0,1,0,0,0,1
1,0,0,0,1,0,0,0,1
1,0,0,0,1,0,0,0,1
1,0,0,0,1,0,0,0,1
1,0,0,0,1,0,0,0,1
1,0,0,0,1,0,0,0,1
1,0,0,0,1,0,0,0,1
1,0,0,0,1,0,0,0,1
1,0,0,0,1,0,0,0,1
1,0,0,0,1,0,0,0,1
1,0,0,0,1,0,0,0,1
1,0,0,0,1,0,0,0,1
1,0,0,0,1,0,0,0,1
1,0,0,0,1,0,0,0,1
1,0,0,0,1,0,0,0,1
1,0,0,0,1,0,0,0,1
1,0,0,0,1,0,0,0,1
1,0,0,0,1,0,0,0,1
1,0,0,0,1,0,0,0,1
1,0,0,0,1,0,0,0,1
1,0,0,0,1,0,0,0,1
1,0,0,0,1,0,0,0,1
1,0,0,0,1,0,0,0,1
1,0,0,0,1,0,0,0,1
1,0,0,0,1,0,0,0,1
1,0,0,0,1,0,0,0,1
1,0,0,0,1,0,0,0,1
1,0,0,0,1,0,0,0,1
1,0,0,0,1,0,0,0,1
1,0,0,0,1,0,0,0,1
1,0,0,0,1,0,0,0,1
1,0,0,0,1,0,0,0,1
1,0,0,0,1,0,0,0,1
1,0,0,0,1,0,0,0,1
1,0,0,0,1,0,0,0,1
1,0,0,0,1,0,0,0,1
1,0,0,0,1,0,0,0,1
1,0,0,0,1,0,0,0,1
1,0,0,0,1,0,0,0,1
1,0,0,0,1,0,0,0,1
1,0,0,0,1,0,0,0,1
1,0,0,0,1,0,0,0,1
1,0,0,0,1,0,0,0,1
1,0,0,0,1,0,0,0,1
1,0,0,0,1,0,0,0,1
1,0,0,0,1,0,0,0,1
1,0,0,0,1,0,0,0,1
1,0,0,0,1,0,0,0,1
1,0,0,0,1,0,0,0,1
1,0,0,0,1,0,0,0,1
1,0,0,0,1,0,0,0,1
1,0,0,0,1,0,0,0,1
1,0,0,0,1,0,0,0,1
1,0,0,0,1,0,0,0,1
1,0,0,0,1,0,0,0,1
1,0,0,0,1,0,0,0,1
1,0,0,0,1,0,0,0,1
1,0,0,0,1,0,0,0,1
1,0,0,0,1,0,0,0,1
1,0,0,0,1,0,0,0,1
1,0,0,0,1,0,0,0,1
1,0,0,0,1,0,0,0,1
1,0,0,0,1,0,0,0,1
1,0,0,0,1,0,0,0,1
1,0,0,0,1,0,0,0,1
1,0,0,0,1,0,0,0,1
1,0,0,0,1,0,0,0,1
1,0,0,0,1,0,0,0,1
1,0,0,0,1,0,0,0,1
1,0,0,0,1,0,0,0,1
1,0,0,0,1,0,0,0,1
1,0,0,0,1,0,0,0,1
1,0,0,0,1,0,0,0,1
1,0,0,0,1,0,0,0,1
1,0,0,0,1,0,0,0,1
1,0,0,0,1,0,0,0,1
1,0,0,0,1,0,0,0,1
1,0,0,0,1,0,0,0,1
1,0,0,0,1,0,0,0,1
1,0,0,0,1,0,0,0,1
1,0,0,0,1,0,0,0,1
1,0,0,0,1,0,0,0,1
1,0,0,0,1,0,0,0,1
1,0,0,0,1,0,0,0,1
1,0,0,0,1,0,0,0,1
1,0,0,0,1,0,0,0,1
1,0,0,0,1,0,0,0,1
1,0,0,0,1,0,0,0,1
1,0,0,0,1,0,0,0,1
1,0,0,0,1,0,0,0,1
1,0,0,0,1,0,0,0,1
1,0,0,0,1,0,0,0,1
1,0,0,0,1,0,0,0,1
1,0,0,0,1,0,0,0,1
1,0,0,0,1,0,0,0,1
1,0,0,0,1,0,0,0,1
1,0,0,0,1,0,0,0,1
1,0,0,0,1,0,0,0,1
1,0,0,0,1,0,0,0,1
1,0,0,0,1,0,0,0,1
1,0,0,0,1,0,0,0,1
1,0,0,0,1,0,0,0,1
1,0,0,0,1,0,0,0,1
1,0,0,0,1,0,0,0,1
1,0,0,0,1,0,0,0,1
1,0,0,0,1,0,0,0,1
1,0,0,0,1,0,0,0,1
1,0,0,0,1,0,0,0,1
1,0,0,0,1,0,0,0,1
1,0,0,0,1,0,0,0,1
1,0,0,0,1,0,0,0,1
1,0,0,0,1,0,0,0,1
1,0,0,0,1,0,0,0,1
1,0,0,0,1,0,0,0,1
1,0,0,0,1,0,0,0,1
1,0,0,0,1,0,0,0,1
1,0,0,0,1,0,0,0,1
1,0,0,0,1,0,0,0,1
1,0,0,0,1,0,0,0,1
1,0,0,0,1,0,0,0,1
1,0,0,0,1,0,0,0,1
1,0,0,0,1,0,0,0,1
1,0,0,0,1,0,0,0,1
1,0,0,0,1,0,0,0,1
1,0,0,0,1,0,0,0,1
1,0,0,0,1,0,0,0,1
1,0,0,0,1,0,0,0,1
1,0,0,0,1,0,0,0,1
1,0,0,0,1,0,0,0,1
1,0,0,0,1,0,0,0,1
1,0,0,0,1,0,0,0,1
1,0,0,0,1,0,0,0,1
1,0,0,0,1,0,0,0,1
1,0,0,0,1,0,0,0,1
1,0,0,0,1,0,0,0,1
1,0,0,0,1,0,0,0,1
1,0,0,0,1,0,0,0,1
1,0,0,0,1,0,0,0,1
1,0,0,0,1,0,0,0,1
1,0,0,0,1,0,0,0,1
1,0,0,0,1,0,0,0,1
1,0,0,0,1,0,0,0,1
1,0,0,0,1,0,0,0,1
1,0,0,0,1,0,0,0,1
1,0,0,0,1,0,0,0,1
1,0,0,0,1,0,0,0,1
1,0,0,0,1,0,0,0,1
1,0,0,0,1,0,0,0,1
1,0,0,0,1,0,0,0,1
1,0,0,0,1,0,0,0,1
1,0,0,0,1,0,0,0,1
1,0,0,0,1,0,0,0,1
1,0,0,0,1,0,0,0,1
1,0,0,0,1,0,0,0,1
1,0,0,0,1,0,0,0,1
1,0,0,0,1,0,0,0,1
1,0,0,0,1,0,0,0,1
1,0,0,0,1,0,0,0,1
1,0,0,0,1,0,0,0,1
1,0,0,0,1,0,0,0,1
1,0,0,0,1,0,0,0,1
1,0,0,0,1,0,0,0,1
1,0,0,0,1,0,0,0,1
1,0,0,0,1,0,0,0,1
1,0,0,0,1,0,0,0,1
1,0,0,0,1,0,0,0,1
1,0,0,0,1,0,0,0,1
1,0,0,0,1,0,0,0,1
1,0,0,0,1,0,0,0,1
1,0,0,0,1,0,0,0,1
1,0,0,0,1,0,0,0,1
1,0,0,0,1,0,0,0,1
1,0,0,0,1,0,0,0,1
1,0,0,0,1,0,0,0,1
1,0,0,0,1,0,0,0,1
1,0,0,0,1,0,0,0,1
1,0,0,0,1,0,0,0,1
1,0,0,0,1,0,0,0,1
1,0,0,0,1,0,0,0,1
1,0,0,0,1,0,0,0,1
1,0,0,0,1,0,0,0,1
1,0,0,0,1,0,0,0,1
1,0,0,0,1,0,0,0,1
1,0,0,0,1,0,0,0,1
1,0,0,0,1,0,0,0,1
1,0,0,0,1,0,0,0,1
1,0,0,0,1,0,0,0,1
1,0,0,0,1,0,0,0,1
1,0,0,0,1,0,0,0,1
1,0,0,0,1,0,0,0,1
1,0,0,0,1,0,0,0,1
1,0,0,0,1,0,0,0,1
1,0,0,0,1,0,0,0,1
1,0,0,0,1,0,0,0,1
1,0,0,0,1,0,0,0,1
1,0,0,0,1,0,0,0,1
1,0,0,0,1,0,0,0,1
1,0,0,0,1,0,0,0,1
1,0,0,0,1,0,0,0,1
1,0,0,0,1,0,0,0,1
1,0,0,0,1,0,0,0,1
1,0,0,0,1,0,0,0,1
1,0,0,0,1,0,0,0,1
1,0,0,0,1,0,0,0,1
1,0,0,0,1,0,0,0,1
1,0,0,0,1,0,0,0,1
1,0,0,0,1,0,0,0,1
1,0,0,0,1,0,0,0,1
1,0,0,0,1,0,0,0,1
1,0,0,0,1,0,0,0,1
1,0,0,0,1,0,0,0,1
1,0,0,0,1,0,0,0,1
1,0,0,0,1,0,0,0,1
1,0,0,0,1,0,0,0,1
1,0,0,0,1,0,0,0,1
1,0,0,0,1,0,0,0,1
1,0,0,0,1,0,0,0,1
1,0,0,0,1,0,0,0,1
1,0,0,0,1,0,0,0,1
1,0,0,0,1,0,0,0,1
1,0,0,0,1,0,0,0,1
1,0,0,0,1,0,0,0,1
1,0,0,0,1,0,0,0,1
1,0,0,0,1,0,0,0,1
1,0,0,0,1,0,0,0,1
1,0,0,0,1,0,0,0,1
1,0,0,0,1,0,0,0,1
1,0,0,0,1,0,0,0,1
1,0,0,0,1,0,0,0,1
1,0,0,0,1,0,0,0,1
1,0,0,0,1,0,0,0,1
1,0,0,0,1,0,0,0,1
1,0,0,0,1,0,0,0,1
1,0,0,0,1,0,0,0,1
1,0,0,0,1,0,0,0,1
1,0,0,0,1,0,0,0,1
1,0,0,0,1,0,0,0,1
1,0,0,0,1,0,0,0,1
1,0,0,0,1,0,0,0,1
1,0,0,0,1,0,0,0,1
1,0,0,0,1,0,0,0,1
1,0,0,0,1,0,0,0,1
1,0,0,0,1,0,0,0,1
1,0,0,0,1,0,0,0,1
1,0,0,0,1,0,0,0,1
1,0,0,0,1,0,0,0,1
1,0,0,0,1,0,0,0,1
1,0,0,0,1,0,0,0,1
1,0,0,0,1,0,0,0,1
1,0,0,0,1,0,0,0,1
1,0,0,0,1,0,0,0,1
1,0,0,0,1,0,0,0,1
1,0,0,0,1,0,0,0,1
1,0,0,0,1,0,0,0,1
1,0,0,0,1,0,0,0,1
1,0,0,0,1,0,0,0,1
1,0,0,0,1,0,0,0,1
1,0,0,0,1,0,0,0,1
1,0,0,0,1,0,0,0,1
1,0,0,0,1,0,0,0,1
1,0,0,0,1,0,0,0,1
1,0,0,0,1,0,0,0,1
1,0,0,0,1,0,0,0,1
1,0,0,0,1,0,0,0,1
1,0,0,0,1,0,0,0,1
1,0,0,0,1,0,0,0,1
1,0,0,0,1,0,0,0,1
1,0,0,0,1,0,0,0,1
1,0,0,0,1,0,0,0,1
1,0,0,0,1,0,0,0,1
1,0,0,0,1,0,0,0,1
1,0,0,0,1,0,0,0,1
1,0,0,0,1,0,0,0,1
1,0,0,0,1,0,0,0,1
1,0,0,0,1,0,0,0,1
1,0,0,0,1,0,0,0,1
1,0,0,0,1,0,0,0,1
1,0,0,0,1,0,0,0,1
1,0,0,0,1,0,0,0,1
1,0,0,0,1,0,0,0,1
1,0,0,0,1,0,0,0,1
1,0,0,0,1,0,0,0,1
1,0,0,0,1,0,0,0,1
1,0,0,0,1,0,0,0,1
1,0,0,0,1,0,0,0,1
1,0,0,0,1,0,0,0,1
1,0,0,0,1,0,0,0,1
1,0,0,0,1,0,0,0,1
1,0,0,0,1,0,0,0,1
1,0,0,0,1,0,0,0,1
1,0,0,0,1,0,0,0,1
1,0,0,0,1,0,0,0,1
1,0,0,0,1,0,0,0,1
1,0,0,0,1,0,0,0,1
1,0,0,0,1,0,0,0,1
1,0,0,0,1,0,0,0,1
1,0,0,0,1,0,0,0,1
1,0,0,0,1,0,0,0,1
1,0,0,0,1,0,0,0,1
1,0,0,0,1,0,0,0,1
1,0,0,0,1,0,0,0,1
1,0,0,0,1,0,0,0,1
1,0,0,0,1,0,0,0,1
1,0,0,0,1,0,0,0,1
1,0,0,0,1,0,0,0,1
1,0,0,0,1,0,0,0,1
1,0,0,0,1,0,0,0,1
1,0,0,0,1,0,0,0,1
1,0,0,0,1,0,0,0,1
1,0,0,0,1,0,0,0,1
1,0,0,0,1,0,0,0,1
1,0,0,0,1,0,0,0,1
1,0,0,0,1,0,0,0,1
1,0,0,0,1,0,0,0,1
1,0,0,0,1,0,0,0,1
1,0,0,0,1,0,0,0,1
1,0,0,0,1,0,0,0,1
1,0,0,0,1,0,0,0,1
1,0,0,0,1,0,0,0,1
1,0,0,0,1,0,0,0,1
1,0,0,0,1,0,0,0,1
1,0,0,0,1,0,0,0,1
1,0,0,0,1,0,0,0,1
1,0,0,0,1,0,0,0,1
1,0,0,0,1,0,0,0,1
1,0,0,0,1,0,0,0,1
1,0,0,0,1,0,0,0,1
1,0,0,0,1,0,0,0,1
1,0,0,0,1,0,0,0,1
1,0,0,0,1,0,0,0,1
1,0,0,0,1,0,0,0,1
1,0,0,0,1,0,0,0,1
1,0,0,0,1,0,0,0,1
1,0,0,0,1,0,0,0,1
1,0,0,0,1,0,0,0,1
1,0,0,0,1,0,0,0,1
1,0,0,0,1,0,0,0,1
1,0,0,0,1,0,0,0,1
1,0,0,0,1,0,0,0,1
1,0,0,0,1,0,0,0,1
1,0,0,0,1,0,0,0,1
1,0,0,0,1,0,0,0,1
1,0,0,0,1,0,0,0,1
1,0,0,0,1,0,0,0,1
1,0,0,0,1,0,0,0,1
1,0,0,0,1,0,0,0,1
1,0,0,0,1,0,0,0,1
1,0,0,0,1,0,0,0,1
1,0,0,0,1,0,0,0,1
1,0,0,0,1,0,0,0,1
1,0,0,0,1,0,0,0,1
1,0,0,0,1,0,0,0,1
1,0,0,0,1,0,0,0,1
1,0,0,0,1,0,0,0,1
1,0,0,0,1,0,0,0,1
1,0,0,0,1,0,0,0,1
1,0,0,0,1,0,0,0,1
1,0,0,0,1,0,0,0,1
1,0,0,0,1,0,0,0,1
1,0,0,0,1,0,0,0,1
1,0,0,0,1,0,0,0,1
1,0,0,0,1,0,0,0,1
1,0,0,0,1,0,0,0,1
1,0,0,0,1,0,0,0,1
1,0,0,0,1,0,0,0,1
1,0,0,0,1,0,0,0,1
1,0,0,0,1,0,0,0,1
1,0,0,0,1,0,0,0,1
1,0,0,0,1,0,0,0,1
1,0,0,0,1,0,0,0,1
1,0,0,0,1,0,0,0,1
1,0,0,0,1,0,0,0,1
1,0,0,0,1,0,0,0,1
1,0,0,0,1,0,0,0,1
1,0,0,0,1,0,0,0,1
1,0,0,0,1,0,0,0,1
1,0,0,0,1,0,0,0,1
1,0,0,0,1,0,0,0,1
1,0,0,0,1,0,0,0,1
1,0,0,0,1,0,0,0,1
1,0,0,0,1,0,0,0,1
1,0,0,0,1,0,0,0,1
1,0,0,0,1,0,0,0,1
1,0,0,0,1,0,0,0,1
1,0,0,0,1,0,0,0,1
1,0,0,0,1,0,0,0,1
1,0,0,0,1,0,0,0,1
1,0,0,0,1,0,0,0,1
1,0,0,0,1,0,0,0,1
1,0,0,0,1,0,0,0,1
1,0,0,0,1,0,0,0,1
1,0,0,0,1,0,0,0,1
1,0,0,0,1,0,0,0,1
1,0,0,0,1,0,0,0,1
1,0,0,0,1,0,0,0,1
1,0,0,0,1,0,0,0,1
1,0,0,0,1,0,0,0,1
1,0,0,0,1,0,0,0,1
1,0,0,0,1,0,0,0,1
1,0,0,0,1,0,0,0,1
1,0,0,0,1,0,0,0,1
1,0,0,0,1,0,0,0,1
1,0,0,0,1,0,0,0,1
1,0,0,0,1,0,0,0,1
1,0,0,0,1,0,0,0,1
1,0,0,0,1,0,0,0,1
1,0,0,0,1,0,0,0,1
1,0,0,0,1,0,0,0,1
1,0,0,0,1,0,0,0,1
1,0,0,0,1,0,0,0,1
1,0,0,0,1,0,0,0,1
1,0,0,0,1,0,0,0,1
1,0,0,0,1,0,0,0,1
1,0,0,0,1,0,0,0,1
1,0,0,0,1,0,0,0,1
1,0,0,0,1,0,0,0,1
1,0,0,0,1,0,0,0,1
1,0,0,0,1,0,0,0,1
1,0,0,0,1,0,0,0,1
1,0,0,0,1,0,0,0,1
1,0,0,0,1,0,0,0,1
1,0,0,0,1,0,0,0,1
1,0,0,0,1,0,0,0,1
1,0,0,0,1,0,0,0,1
1,0,0,0,1,0,0,0,1
1,0,0,0,1,0,0,0,1
1,0,0,0,1,0,0,0,1
1,0,0,0,1,0,0,0,1
1,0,0,0,1,0,0,0,1
1,0,0,0,1,0,0,0,1
1,0,0,0,1,0,0,0,1
1,0,0,0,1,0,0,0,1
1,0,0,0,1,0,0,0,1
1,0,0,0,1,0,0,0,1
1,0,0,0,1,0,0,0,1
1,0,0,0,1,0,0,0,1
1,0,0,0,1,0,0,0,1
1,0,0,0,1,0,0,0,1
1,0,0,0,1,0,0,0,1
1,0,0,0,1,0,0,0,1
1,0,0,0,1,0,0,0,1
1,0,0,0,1,0,0,0,1
1,0,0,0,1,0,0,0,1
1,0,0,0,1,0,0,0,1
1,0,0,0,1,0,0,0,1
1,0,0,0,1,0,0,0,1
1,0,0,0,1,0,0,0,1
1,0,0,0,1,0,0,0,1
1,0,0,0,1,0,0,0,1
1,0,0,0,1,0,0,0,1
1,0,0,0,1,0,0,0,1
1,0,0,0,1,0,0,0,1
1,0,0,0,1,0,0,0,1
1,0,0,0,1,0,0,0,1
1,0,0,0,1,0,0,0,1
1,0,0,0,1,0,0,0,1
1,0,0,0,1,0,0,0,1
1,0,0,0,1,0,0,0,1
1,0,0,0,1,0,0,0,1
1,0,0,0,1,0,0,0,1
1,0,0,0,1,0,0,0,1
1,0,0,0,1,0,0,0,1
1,0,0,0,1,0,0,0,1
1,0,0,0,1,0,0,0,1
1,0,0,0,1,0,0,0,1
1,0,0,0,1,0,0,0,1
1,0,0,0,1,0,0,0,1
1,0,0,0,1,0,0,0,1
1,0,0,0,1,0,0,0,1
1,0,0,0,1,0,0,0,1
1,0,0,0,1,0,0,0,1
1,0,0,0,1,0,0,0,1
1,0,0,0,1,0,0,0,1
1,0,0,0,1,0,0,0,1
1,0,0,0,1,0,0,0,1
1,0,0,0,1,0,0,0,1
1,0,0,0,1,0,0,0,1
1,0,0,0,1,0,0,0,1
1,0,0,0,1,0,0,0,1
1,0,0,0,1,0,0,0,1
1,0,0,0,1,0,0,0,1
1,0,0,0,1,0,0,0,1
1,0,0,0,1,0,0,0,1
1,0,0,0,1,0,0,0,1
1,0,0,0,1,0,0,0,1
1,0,0,0,1,0,0,0,1
1,0,0,0,1,0,0,0,1
1,0,0,0,1,0,0,0,1
1,0,0,0,1,0,0,0,1
1,0,0,0,1,0,0,0,1
1,0,0,0,1,0,0,0,1
1,0,0,0,1,0,0,0,1
1,0,0,0,1,0,0,0,1
1,0,0,0,1,0,0,0,1
1,0,0,0,1,0,0,0,1
1,0,0,0,1,0,0,0,1
1,0,0,0,1,0,0,0,1
1,0,0,0,1,0,0,0,1
1,0,0,0,1,0,0,0,1
1,0,0,0,1,0,0,0,1
1,0,0,0,1,0,0,0,1
1,0,0,0,1,0,0,0,1
1,0,0,0,1,0,0,0,1
1,0,0,0,1,0,0,0,1
1,0,0,0,1,0,0,0,1
1,0,0,0,1,0,0,0,1
1,0,0,0,1,0,0,0,1
1,0,0,0,1,0,0,0,1
1,0,0,0,1,0,0,0,1
1,0,0,0,1,0,0,0,1
1,0,0,0,1,0,0,0,1
1,0,0,0,1,0,0,0,1
1,0,0,0,1,0,0,0,1
1,0,0,0,1,0,0,0,1
1,0,0,0,1,0,0,0,1
1,0,0,0,1,0,0,0,1
1,0,0,0,1,0,0,0,1
1,0,0,0,1,0,0,0,1
1,0,0,0,1,0,0,0,1
1,0,0,0,1,0,0,0,1
1,0,0,0,1,0,0,0,1
1,0,0,0,1,0,0,0,1
1,0,0,0,1,0,0,0,1
1,0,0,0,1,0,0,0,1
1,0,0,0,1,0,0,0,1
1,0,0,0,1,0,0,0,1
1,0,0,0,1,0,0,0,1
1,0,0,0,1,0,0,0,1
1,0,0,0,1,0,0,0,1
1,0,0,0,1,0,0,0,1
1,0,0,0,1,0,0,0,1
1,0,0,0,1,0,0,0,1
1,0,0,0,1,0,0,0,1
1,0,0,0,1,0,0,0,1
1,0,0,0,1,0,0,0,1
1,0,0,0,1,0,0,0,1
1,0,0,0,1,0,0,0,1
1,0,0,0,1,0,0,0,1
1,0,0,0,1,0,0,0,1
1,0,0,0,1,0,0,0,1
1,0,0,0,1,0,0,0,1
1,0,0,0,1,0,0,0,1
1,0,0,0,1,0,0,0,1
1,0,0,0,1,0,0,0,1
1,0,0,0,1,0,0,0,1
1,0,0,0,1,0,0,0,1
1,0,0,0,1,0,0,0,1
1,0,0,0,1,0,0,0,1
1,0,0,0,1,0,0,0,1
1,0,0,0,1,0,0,0,1
1,0,0,0,1,0,0,0,1
1,0,0,0,1,0,0,0,1
1,0,0,0,1,0,0,0,1
1,0,0,0,1,0,0,0,1
1,0,0,0,1,0,0,0,1
1,0,0,0,1,0,0,0,1
1,0,0,0,1,0,0,0,1
1,0,0,0,1,0,0,0,1
1,0,0,0,1,0,0,0,1
1,0,0,0,1,0,0,0,1
1,0,0,0,1,0,0,0,1
1,0,0,0,1,0,0,0,1
1,0,0,0,1,0,0,0,1
1,0,0,0,1,0,0,0,1
1,0,0,0,1,0,0,0,1
1,0,0,0,1,0,0,0,1
1,0,0,0,1,0,0,0,1
1,0,0,0,1,0,0,0,1
1,0,0,0,1,0,0,0,1
1,0,0,0,1,0,0,0,1
1,0,0,0,1,0,0,0,1
1,0,0,0,1,0,0,0,1
1,0,0,0,1,0,0,0,1
1,0,0,0,1,0,0,0,1
1,0,0,0,1,0,0,0,1
1,0,0,0,1,0,0,0,1
1,0,0,0,1,0,0,0,1
1,0,0,0,1,0,0,0,1
1,0,0,0,1,0,0,0,1
1,0,0,0,1,0,0,0,1
1,0,0,0,1,0,0,0,1
1,0,0,0,1,0,0,0,1
1,0,0,0,1,0,0,0,1
1,0,0,0,1,0,0,0,1
1,0,0,0,1,0,0,0,1
1,0,0,0,1,0,0,0,1
1,0,0,0,1,0,0,0,1
1,0,0,0,1,0,0,0,1
1,0,0,0,1,0,0,0,1
1,0,0,0,1,0,0,0,1
1,0,0,0,1,0,0,0,1
1,0,0,0,1,0,0,0,1
1,0,0,0,1,0,0,0,1
1,0,0,0,1,0,0,0,1
1,0,0,0,1,0,0,0,1
1,0,0,0,1,0,0,0,1
1,0,0,0,1,0,0,0,1
1,0,0,0,1,0,0,0,1
1,0,0,0,1,0,0,0,1
1,0,0,0,1,0,0,0,1
1,0,0,0,1,0,0,0,1
1,0,0,0,1,0,0,0,1
1,0,0,0,1,0,0,0,1
1,0,0,0,1,0,0,0,1
1,0,0,0,1,0,0,0,1
1,0,0,0,1,0,0,0,1
1,0,0,0,1,0,0,0,1
1,0,0,0,1,0,0,0,1
1,0,0,0,1,0,0,0,1
1,0,0,0,1,0,0,0,1
1,0,0,0,1,0,0,0,1
1,0,0,0,1,0,0,0,1
1,0,0,0,1,0,0,0,1
1,0,0,0,1,0,0,0,1
1,0,0,0,1,0,0,0,1
1,0,0,0,1,0,0,0,1
1,0,0,0,1,0,0,0,1
1,0,0,0,1,0,0,0,1
1,0,0,0,1,0,0,0,1
1,0,0,0,1,0,0,0,1
1,0,0,0,1,0,0,0,1
1,0,0,0,1,0,0,0,1
1,0,0,0,1,0,0,0,1
1,0,0,0,1,0,0,0,1
1,0,0,0,1,0,0,0,1
1,0,0,0,1,0,0,0,1
1,0,0,0,1,0,0,0,1
1,0,0,0,1,0,0,0,1
1,0,0,0,1,0,0,0,1
1,0,0,0,1,0,0,0,1
1,0,0,0,1,0,0,0,1
1,0,0,0,1,0,0,0,1
1,0,0,0,1,0,0,0,1
1,0,0,0,1,0,0,0,1
1,0,0,0,1,0,0,0,1
1,0,0,0,1,0,0,0,1
1,0,0,0,1,0,0,0,1
1,0,0,0,1,0,0,0,1
1,0,0,0,1,0,0,0,1
1,0,0,0,1,0,0,0,1
1,0,0,0,1,0,0,0,1
1,0,0,0,1,0,0,0,1
1,0,0,0,1,0,0,0,1
1,0,0,0,1,0,0,0,1
1,0,0,0,1,0,0,0,1
1,0,0,0,1,0,0,0,1
1,0,0,0,1,0,0,0,1
1,0,0,0,1,0,0,0,1
1,0,0,0,1,0,0,0,1
1,0,0,0,1,0,0,0,1
1,0,0,0,1,0,0,0,1
1,0,0,0,1,0,0,0,1
1,0,0,0,1,0,0,0,1
1,0,0,0,1,0,0,0,1
1,0,0,0,1,0,0,0,1
1,0,0,0,1,0,0,0,1
1,0,0,0,1,0,0,0,1
1,0,0,0,1,0,0,0,1
1,0,0,0,1,0,0,0,1
1,0,0,0,1,0,0,0,1
1,0,0,0,1,0,0,0,1
1,0,0,0,1,0,0,0,1
1,0,0,0,1,0,0,0,1
1,0,0,0,1,0,0,0,1
1,0,0,0,1,0,0,0,1
1,0,0,0,1,0,0,0,1
1,0,0,0,1,0,0,0,1
1,0,0,0,1,0,0,0,1
1,0,0,0,1,0,0,0,1
1,0,0,0,1,0,0,0,1
1,0,0,0,1,0,0,0,1
1,0,0,0,1,0,0,0,1
1,0,0,0,1,0,0,0,1
1,0,0,0,1,0,0,0,1
1,0,0,0,1,0,0,0,1
1,0,0,0,1,0,0,0,1
1,0,0,0,1,0,0,0,1
1,0,0,0,1,0,0,0,1
1,0,0,0,1,0,0,0,1
1,0,0,0,1,0,0,0,1
1,0,0,0,1,0,0,0,1
1,0,0,0,1,0,0,0,1
1,0,0,0,1,0,0,0,1
1,0,0,0,1,0,0,0,1
1,0,0,0,1,0,0,0,1
1,0,0,0,1,0,0,0,1
1,0,0,0,1,0,0,0,1
1,0,0,0,1,0,0,0,1
1,0,0,0,1,0,0,0,1
1,0,0,0,1,0,0,0,1
1,0,0,0,1,0,0,0,1
1,0,0,0,1,0,0,0,1
1,0,0,0,1,0,0,0,1
1,0,0,0,1,0,0,0,1
1,0,0,0,1,0,0,0,1
1,0,0,0,1,0,0,0,1
1,0,0,0,1,0,0,0,1
1,0,0,0,1,0,0,0,1
1,0,0,0,1,0,0,0,1
1,0,0,0,1,0,0,0,1
1,0,0,0,1,0,0,0,1
1,0,0,0,1,0,0,0,1
1,0,0,0,1,0,0,0,1
1,0,0,0,1,0,0,0,1
1,0,0,0,1,0,0,0,1
1,0,0,0,1,0,0,0,1
1,0,0,0,1,0,0,0,1
1,0,0,0,1,0,0,0,1
1,0,0,0,1,0,0,0,1
1,0,0,0,1,0,0,0,1
1,0,0,0,1,0,0,0,1
1,0,0,0,1,0,0,0,1
1,0,0,0,1,0,0,0,1
1,0,0,0,1,0,0,0,1
1,0,0,0,1,0,0,0,1
1,0,0,0,1,0,0,0,1
1,0,0,0,1,0,0,0,1
1,0,0,0,1,0,0,0,1
1,0,0,0,1,0,0,0,1
1,0,0,0,1,0,0,0,1
1,0,0,0,1,0,0,0,1
1,0,0,0,1,0,0,0,1
1,0,0,0,1,0,0,0,1
1,0,0,0,1,0,0,0,1
1,0,0,0,1,0,0,0,1
1,0,0,0,1,0,0,0,1
1,0,0,0,1,0,0,0,1
1,0,0,0,1,0,0,0,1
1,0,0,0,1,0,0,0,1
1,0,0,0,1,0,0,0,1
1,0,0,0,1,0,0,0,1
1,0,0,0,1,0,0,0,1
1,0,0,0,1,0,0,0,1
1,0,0,0,1,0,0,0,1
1,0,0,0,1,0,0,0,1
1,0,0,0,1,0,0,0,1
1,0,0,0,1,0,0,0,1
1,0,0,0,1,0,0,0,1
1,0,0,0,1,0,0,0,1
1,0,0,0,1,0,0,0,1
1,0,0,0,1,0,0,0,1
1,0,0,0,1,0,0,0,1
1,0,0,0,1,0,0,0,1
1,0,0,0,1,0,0,0,1
1,0,0,0,1,0,0,0,1
1,0,0,0,1,0,0,0,1
1,0,0,0,1,0,0,0,1
1,0,0,0,1,0,0,0,1
1,0,0,0,1,0,0,0,1
1,0,0,0,1,0,0,0,1
1,0,0,0,1,0,0,0,1
1,0,0,0,1,0,0,0,1
1,0,0,0,1,0,0,0,1
1,0,0,0,1,0,0,0,1
1,0,0,0,1,0,0,0,1
1,0,0,0,1,0,0,0,1
1,0,0,0,1,0,0,0,1
1,0,0,0,1,0,0,0,1
1,0,0,0,1,0,0,0,1
1,0,0,0,1,0,0,0,1
1,0,0,0,1,0,0,0,1
1,0,0,0,1,0,0,0,1
1,0,0,0,1,0,0,0,1
1,0,0,0,1,0,0,0,1
1,0,0,0,1,0,0,0,1
1,0,0,0,1,0,0,0,1
1,0,0,0,1,0,0,0,1
1,0,0,0,1,0,0,0,1
1,0,0,0,1,0,0,0,1
1,0,0,0,1,0,0,0,1
1,0,0,0,1,0,0,0,1
1,0,0,0,1,0,0,0,1
1,0,0,0,1,0,0,0,1
1,0,0,0,1,0,0,0,1
1,0,0,0,1,0,0,0,1
1,0,0,0,1,0,0,0,1
1,0,0,0,1,0,0,0,1
1,0,0,0,1,0,0,0,1
1,0,0,0,1,0,0,0,1
1,0,0,0,1,0,0,0,1
1,0,0,0,1,0,0,0,1
1,0,0,0,1,0,0,0,1
1,0,0,0,1,0,0,0,1
1,0,0,0,1,0,0,0,1
1,0,0,0,1,0,0,0,1
1,0,0,0,1,0,0,0,1
1,0,0,0,1,0,0,0,1
1,0,0,0,1,0,0,0,1
1,0,0,0,1,0,0,0,1
1,0,0,0,1,0,0,0,1
1,0,0,0,1,0,0,0,1
1,0,0,0,1,0,0,0,1
1,0,0,0,1,0,0,0,1
1,0,0,0,1,0,0,0,1
1,0,0,0,1,0,0,0,1
1,0,0,0,1,0,0,0,1
1,0,0,0,1,0,0,0,1
1,0,0,0,1,0,0,0,1
1,0,0,0,1,0,0,0,1
1,0,0,0,1,0,0,0,1
1,0,0,0,1,0,0,0,1
1,0,0,0,1,0,0,0,1
1,0,0,0,1,0,0,0,1
1,0,0,0,1,0,0,0,1
1,0,0,0,1,0,0,0,1
1,0,0,0,1,0,0,0,1
1,0,0,0,1,0,0,0,1
1,0,0,0,1,0,0,0,1
1,0,0,0,1,0,0,0,1
1,0,0,0,1,0,0,0,1
1,0,0,0,1,0,0,0,1
1,0,0,0,1,0,0,0,1
1,0,0,0,1,0,0,0,1
1,0,0,0,1,0,0,0,1
1,0,0,0,1,0,0,0,1
1,0,0,0,1,0,0,0,1
1,0,0,0,1,0,0,0,1
1,0,0,0,1,0,0,0,1
1,0,0,0,1,0,0,0,1
1,0,0,0,1,0,0,0,1
1,0,0,0,1,0,0,0,1
1,0,0,0,1,0,0,0,1
1,0,0,0,1,0,0,0,1
1,0,0,0,1,0,0,0,1
1,0,0,0,1,0,0,0,1
1,0,0,0,1,0,0,0,1
1,0,0,0,1,0,0,0,1
1,0,0,0,1,0,0,0,1
1,0,0,0,1,0,0,0,1
1,0,0,0,1,0,0,0,1
1,0,0,0,1,0,0,0,1
1,0,0,0,1,0,0,0,1
1,0,0,0,1,0,0,0,1
1,0,0,0,1,0,0,0,1
1,0,0,0,1,0,0,0,1
1,0,0,0,1,0,0,0,1
1,0,0,0,1,0,0,0,1
1,0,0,0,1,0,0,0,1
1,0,0,0,1,0,0,0,1
1,0,0,0,1,0,0,0,1
1,0,0,0,1,0,0,0,1
1,0,0,0,1,0,0,0,1
1,0,0,0,1,0,0,0,1
1,0,0,0,1,0,0,0,1
1,0,0,0,1,0,0,0,1
1,0,0,0,1,0,0,0,1
1,0,0,0,1,0,0,0,1
1,0,0,0,1,0,0,0,1
1,0,0,0,1,0,0,0,1
1,0,0,0,1,0,0,0,1
1,0,0,0,1,0,0,0,1
1,0,0,0,1,0,0,0,1
1,0,0,0,1,0,0,0,1
1,0,0,0,1,0,0,0,1
1,0,0,0,1,0,0,0,1
1,0,0,0,1,0,0,0,1
1,0,0,0,1,0,0,0,1
1,0,0,0,1,0,0,0,1
1,0,0,0,1,0,0,0,1
1,0,0,0,1,0,0,0,1
1,0,0,0,1,0,0,0,1
1,0,0,0,1,0,0,0,1
1,0,0,0,1,0,0,0,1
1,0,0,0,1,0,0,0,1
1,0,0,0,1,0,0,0,1
1,0,0,0,1,0,0,0,1
1,0,0,0,1,0,0,0,1
1,0,0,0,1,0,0,0,1
1,0,0,0,1,0,0,0,1
1,0,0,0,1,0,0,0,1
1,0,0,0,1,0,0,0,1
1,0,0,0,1,0,0,0,1
1,0,0,0,1,0,0,0,1
1,0,0,0,1,0,0,0,1
1,0,0,0,1,0,0,0,1
1,0,0,0,1,0,0,0,1
1,0,0,0,1,0,0,0,1
1,0,0,0,1,0,0,0,1
1,0,0,0,1,0,0,0,1
1,0,0,0,1,0,0,0,1
1,0,0,0,1,0,0,0,1
1,0,0,0,1,0,0,0,1
1,0,0,0,1,0,0,0,1
1,0,0,0,1,0,0,0,1
1,0,0,0,1,0,0,0,1
1,0,0,0,1,0,0,0,1
1,0,0,0,1,0,0,0,1
1,0,0,0,1,0,0,0,1
1,0,0,0,1,0,0,0,1
1,0,0,0,1,0,0,0,1
1,0,0,0,1,0,0,0,1
1,0,0,0,1,0,0,0,1
1,0,0,0,1,0,0,0,1
1,0,0,0,1,0,0,0,1
1,0,0,0,1,0,0,0,1
1,0,0,0,1,0,0,0,1
1,0,0,0,1,0,0,0,1
1,0,0,0,1,0,0,0,1
1,0,0,0,1,0,0,0,1
1,0,0,0,1,0,0,0,1
1,0,0,0,1,0,0,0,1
1,0,0,0,1,0,0,0,1
1,0,0,0,1,0,0,0,1
1,0,0,0,1,0,0,0,1
1,0,0,0,1,0,0,0,1
1,0,0,0,1,0,0,0,1
1,0,0,0,1,0,0,0,1
1,0,0,0,1,0,0,0,1
1,0,0,0,1,0,0,0,1
1,0,0,0,1,0,0,0,1
1,0,0,0,1,0,0,0,1
1,0,0,0,1,0,0,0,1
1,0,0,0,1,0,0,0,1
1,0,0,0,1,0,0,0,1
1,0,0,0,1,0,0,0,1
1,0,0,0,1,0,0,0,1
1,0,0,0,1,0,0,0,1
1,0,0,0,1,0,0,0,1
1,0,0,0,1,0,0,0,1
1,0,0,0,1,0,0,0,1
1,0,0,0,1,0,0,0,1
1,0,0,0,1,0,0,0,1
1,0,0,0,1,0,0,0,1
1,0,0,0,1,0,0,0,1
1,0,0,0,1,0,0,0,1
1,0,0,0,1,0,0,0,1
1,0,0,0,1,0,0,0,1
1,0,0,0,1,0,0,0,1
1,0,0,0,1,0,0,0,1
1,0,0,0,1,0,0,0,1
1,0,0,0,1,0,0,0,1
1,0,0,0,1,0,0,0,1
1,0,0,0,1,0,0,0,1
1,0,0,0,1,0,0,0,1
1,0,0,0,1,0,0,0,1
1,0,0,0,1,0,0,0,1
1,0,0,0,1,0,0,0,1
1,0,0,0,1,0,0,0,1
1,0,0,0,1,0,0,0,1
1,0,0,0,1,0,0,0,1
1,0,0,0,1,0,0,0,1
1,0,0,0,1,0,0,0,1
1,0,0,0,1,0,0,0,1
1,0,0,0,1,0,0,0,1
1,0,0,0,1,0,0,0,1
1,0,0,0,1,0,0,0,1
1,0,0,0,1,0,0,0,1
1,0,0,0,1,0,0,0,1
1,0,0,0,1,0,0,0,1
1,0,0,0,1,0,0,0,1
1,0,0,0,1,0,0,0,1
1,0,0,0,1,0,0,0,1
1,0,0,0,1,0,0,0,1
1,0,0,0,1,0,0,0,1
1,0,0,0,1,0,0,0,1
1,0,0,0,1,0,0,0,1
1,0,0,0,1,0,0,0,1
1,0,0,0,1,0,0,0,1
1,0,0,0,1,0,0,0,1
1,0,0,0,1,0,0,0,1
1,0,0,0,1,0,0,0,1
1,0,0,0,1,0,0,0,1
1,0,0,0,1,0,0,0,1
1,0,0,0,1,0,0,0,1
1,0,0,0,1,0,0,0,1
1,0,0,0,1,0,0,0,1
1,0,0,0,1,0,0,0,1
1,0,0,0,1,0,0,0,1
1,0,0,0,1,0,0,0,1
1,0,0,0,1,0,0,0,1
1,0,0,0,1,0,0,0,1
1,0,0,0,1,0,0,0,1
1,0,0,0,1,0,0,0,1
1,0,0,0,1,0,0,0,1
1,0,0,0,1,0,0,0,1
1,0,0,0,1,0,0,0,1
1,0,0,0,1,0,0,0,1
1,0,0,0,1,0,0,0,1
1,0,0,0,1,0,0,0,1
1,0,0,0,1,0,0,0,1
1,0,0,0,1,0,0,0,1
1,0,0,0,1,0,0,0,1
1,0,0,0,1,0,0,0,1
1,0,0,0,1,0,0,0,1
1,0,0,0,1,0,0,0,1
1,0,0,0,1,0,0,0,1
1,0,0,0,1,0,0,0,1
1,0,0,0,1,0,0,0,1
1,0,0,0,1,0,0,0,1
1,0,0,0,1,0,0,0,1
1,0,0,0,1,0,0,0,1
1,0,0,0,1,0,0,0,1
1,0,0,0,1,0,0,0,1
1,0,0,0,1,0,0,0,1
1,0,0,0,1,0,0,0,1
1,0,0,0,1,0,0,0,1
1,0,0,0,1,0,0,0,1
1,0,0,0,1,0,0,0,1
1,0,0,0,1,0,0,0,1
1,0,0,0,1,0,0,0,1
1,0,0,0,1,0,0,0,1
1,0,0,0,1,0,0,0,1
1,0,0,0,1,0,0,0,1
1,0,0,0,1,0,0,0,1
1,0,0,0,1,0,0,0,1
1,0,0,0,1,0,0,0,1
1,0,0,0,1,0,0,0,1
1,0,0,0,1,0,0,0,1
1,0,0,0,1,0,0,0,1
1,0,0,0,1,0,0,0,1
1,0,0,0,1,0,0,0,1
1,0,0,0,1,0,0,0,1
1,0,0,0,1,0,0,0,1
1,0,0,0,1,0,0,0,1
1,0,0,0,1,0,0,0,1
1,0,0,0,1,0,0,0,1
1,0,0,0,1,0,0,0,1
1,0,0,0,1,0,0,0,1
1,0,0,0,1,0,0,0,1
1,0,0,0,1,0,0,0,1
1,0,0,0,1,0,0,0,1
1,0,0,0,1,0,0,0,1
1,0,0,0,1,0,0,0,1
1,0,0,0,1,0,0,0,1
1,0,0,0,1,0,0,0,1
1,0,0,0,1,0,0,0,1
1,0,0,0,1,0,0,0,1
1,0,0,0,1,0,0,0,1
1,0,0,0,1,0,0,0,1
1,0,0,0,1,0,0,0,1
1,0,0,0,1,0,0,0,1
1,0,0,0,1,0,0,0,1
1,0,0,0,1,0,0,0,1
1,0,0,0,1,0,0,0,1
1,0,0,0,1,0,0,0,1
1,0,0,0,1,0,0,0,1
1,0,0,0,1,0,0,0,1
1,0,0,0,1,0,0,0,1
1,0,0,0,1,0,0,0,1
1,0,0,0,1,0,0,0,1
1,0,0,0,1,0,0,0,1
1,0,0,0,1,0,0,0,1
1,0,0,0,1,0,0,0,1
1,0,0,0,1,0,0,0,1
1,0,0,0,1,0,0,0,1
1,0,0,0,1,0,0,0,1
1,0,0,0,1,0,0,0,1
1,0,0,0,1,0,0,0,1
1,0,0,0,1,0,0,0,1
1,0,0,0,1,0,0,0,1
1,0,0,0,1,0,0,0,1
1,0,0,0,1,0,0,0,1
1,0,0,0,1,0,0,0,1
1,0,0,0,1,0,0,0,1
1,0,0,0,1,0,0,0,1
1,0,0,0,1,0,0,0,1
1,0,0,0,1,0,0,0,1
1,0,0,0,1,0,0,0,1
1,0,0,0,1,0,0,0,1
1,0,0,0,1,0,0,0,1
1,0,0,0,1,0,0,0,1
1,0,0,0,1,0,0,0,1
1,0,0,0,1,0,0,0,1
1,0,0,0,1,0,0,0,1
1,0,0,0,1,0,0,0,1
1,0,0,0,1,0,0,0,1
1,0,0,0,1,0,0,0,1
1,0,0,0,1,0,0,0,1
1,0,0,0,1,0,0,0,1
1,0,0,0,1,0,0,0,1
1,0,0,0,1,0,0,0,1
1,0,0,0,1,0,0,0,1
1,0,0,0,1,0,0,0,1
1,0,0,0,1,0,0,0,1
1,0,0,0,1,0,0,0,1
1,0,0,0,1,0,0,0,1
1,0,0,0,1,0,0,0,1
1,0,0,0,1,0,0,0,1
1,0,0,0,1,0,0,0,1
1,0,0,0,1,0,0,0,1
1,0,0,0,1,0,0,0,1
1,0,0,0,1,0,0,0,1
1,0,0,0,1,0,0,0,1
1,0,0,0,1,0,0,0,1
1,0,0,0,1,0,0,0,1
1,0,0,0,1,0,0,0,1
1,0,0,0,1,0,0,0,1
1,0,0,0,1,0,0,0,1
1,0,0,0,1,0,0,0,1
1,0,0,0,1,0,0,0,1
1,0,0,0,1,0,0,0,1
1,0,0,0,1,0,0,0,1
1,0,0,0,1,0,0,0,1
1,0,0,0,1,0,0,0,1
1,0,0,0,1,0,0,0,1
1,0,0,0,1,0,0,0,1
1,0,0,0,1,0,0,0,1
1,0,0,0,1,0,0,0,1
1,0,0,0,1,0,0,0,1
1,0,0,0,1,0,0,0,1
1,0,0,0,1,0,0,0,1
1,0,0,0,1,0,0,0,1
1,0,0,0,1,0,0,0,1
1,0,0,0,1,0,0,0,1
1,0,0,0,1,0,0,0,1
1,0,0,0,1,0,0,0,1
1,0,0,0,1,0,0,0,1
1,0,0,0,1,0,0,0,1
1,0,0,0,1,0,0,0,1
1,0,0,0,1,0,0,0,1
1,0,0,0,1,0,0,0,1
1,0,0,0,1,0,0,0,1
1,0,0,0,1,0,0,0,1
1,0,0,0,1,0,0,0,1
1,0,0,0,1,0,0,0,1
1,0,0,0,1,0,0,0,1
1,0,0,0,1,0,0,0,1
1,0,0,0,1,0,0,0,1
1,0,0,0,1,0,0,0,1
1,0,0,0,1,0,0,0,1
1,0,0,0,1,0,0,0,1
1,0,0,0,1,0,0,0,1
1,0,0,0,1,0,0,0,1
1,0,0,0,1,0,0,0,1
1,0,0,0,1,0,0,0,1
1,0,0,0,1,0,0,0,1
1,0,0,0,1,0,0,0,1
1,0,0,0,1,0,0,0,1
1,0,0,0,1,0,0,0,1
1,0,0,0,1,0,0,0,1
1,0,0,0,1,0,0,0,1
1,0,0,0,1,0,0,0,1
1,0,0,0,1,0,0,0,1
1,0,0,0,1,0,0,0,1
1,0,0,0,1,0,0,0,1
1,0,0,0,1,0,0,0,1
1,0,0,0,1,0,0,0,1
1,0,0,0,1,0,0,0,1
1,0,0,0,1,0,0,0,1
1,0,0,0,1,0,0,0,1
1,0,0,0,1,0,0,0,1
1,0,0,0,1,0,0,0,1
1,0,0,0,1,0,0,0,1
1,0,0,0,1,0,0,0,1
1,0,0,0,1,0,0,0,1
1,0,0,0,1,0,0,0,1
1,0,0,0,1,0,0,0,1
1,0,0,0,1,0,0,0,1
1,0,0,0,1,0,0,0,1
1,0,0,0,1,0,0,0,1
1,0,0,0,1,0,0,0,1
1,0,0,0,1,0,0,0,1
1,0,0,0,1,0,0,0,1
1,0,0,0,1,0,0,0,1
1,0,0,0,1,0,0,0,1
1,0,0,0,1,0,0,0,1
1,0,0,0,1,0,0,0,1
1,0,0,0,1,0,0,0,1
1,0,0,0,1,0,0,0,1
1,0,0,0,1,0,0,0,1
1,0,0,0,1,0,0,0,1
1,0,0,0,1,0,0,0,1
1,0,0,0,1,0,0,0,1
1,0,0,0,1,0,0,0,1
1,0,0,0,1,0,0,0,1
1,0,0,0,1,0,0,0,1
1,0,0,0,1,0,0,0,1
1,0,0,0,1,0,0,0,1
1,0,0,0,1,0,0,0,1
1,0,0,0,1,0,0,0,1
1,0,0,0,1,0,0,0,1
1,0,0,0,1,0,0,0,1
1,0,0,0,1,0,0,0,1
1,0,0,0,1,0,0,0,1
1,0,0,0,1,0,0,0,1
1,0,0,0,1,0,0,0,1
1,0,0,0,1,0,0,0,1
1,0,0,0,1,0,0,0,1
1,0,0,0,1,0,0,0,1
1,0,0,0,1,0,0,0,1
1,0,0,0,1,0,0,0,1
1,0,0,0,1,0,0,0,1
1,0,0,0,1,0,0,0,1
1,0,0,0,1,0,0,0,1
1,0,0,0,1,0,0,0,1
1,0,0,0,1,0,0,0,1
1,0,0,0,1,0,0,0,1
1,0,0,0,1,0,0,0,1
1,0,0,0,1,0,0,0,1
1,0,0,0,1,0,0,0,1
1,0,0,0,1,0,0,0,1
1,0,0,0,1,0,0,0,1
1,0,0,0,1,0,0,0,1
1,0,0,0,1,0,0,0,1
1,0,0,0,1,0,0,0,1
1,0,0,0,1,0,0,0,1
1,0,0,0,1,0,0,0,1
1,0,0,0,1,0,0,0,1
1,0,0,0,1,0,0,0,1
1,0,0,0,1,0,0,0,1
1,0,0,0,1,0,0,0,1
1,0,0,0,1,0,0,0,1
1,0,0,0,1,0,0,0,1
1,0,0,0,1,0,0,0,1
1,0,0,0,1,0,0,0,1
1,0,0,0,1,0,0,0,1
1,0,0,0,1,0,0,0,1
1,0,0,0,1,0,0,0,1
1,0,0,0,1,0,0,0,1
1,0,0,0,1,0,0,0,1
1,0,0,0,1,0,0,0,1
1,0,0,0,1,0,0,0,1
1,0,0,0,1,0,0,0,1
1,0,0,0,1,0,0,0,1
1,0,0,0,1,0,0,0,1
1,0,0,0,1,0,0,0,1
1,0,0,0,1,0,0,0,1
1,0,0,0,1,0,0,0,1
1,0,0,0,1,0,0,0,1
1,0,0,0,1,0,0,0,1
1,0,0,0,1,0,0,0,1
1,0,0,0,1,0,0,0,1
1,0,0,0,1,0,0,0,1
1,0,0,0,1,0,0,0,1
1,0,0,0,1,0,0,0,1
1,0,0,0,1,0,0,0,1
1,0,0,0,1,0,0,0,1
1,0,0,0,1,0,0,0,1
1,0,0,0,1,0,0,0,1
1,0,0,0,1,0,0,0,1
1,0,0,0,1,0,0,0,1
1,0,0,0,1,0,0,0,1
1,0,0,0,1,0,0,0,1
1,0,0,0,1,0,0,0,1
1,0,0,0,1,0,0,0,1
1,0,0,0,1,0,0,0,1
1,0,0,0,1,0,0,0,1
1,0,0,0,1,0,0,0,1
1,0,0,0,1,0,0,0,1
1,0,0,0,1,0,0,0,1
1,0,0,0,1,0,0,0,1
1,0,0,0,1,0,0,0,1
1,0,0,0,1,0,0,0,1
1,0,0,0,1,0,0,0,1
1,0,0,0,1,0,0,0,1
1,0,0,0,1,0,0,0,1
1,0,0,0,1,0,0,0,1
1,0,0,0,1,0,0,0,1
1,0,0,0,1,0,0,0,1
1,0,0,0,1,0,0,0,1
1,0,0,0,1,0,0,0,1
1,0,0,0,1,0,0,0,1
1,0,0,0,1,0,0,0,1
1,0,0,0,1,0,0,0,1
1,0,0,0,1,0,0,0,1
1,0,0,0,1,0,0,0,1
1,0,0,0,1,0,0,0,1
1,0,0,0,1,0,0,0,1
1,0,0,0,1,0,0,0,1
1,0,0,0,1,0,0,0,1
1,0,0,0,1,0,0,0,1
1,0,0,0,1,0,0,0,1
1,0,0,0,1,0,0,0,1
1,0,0,0,1,0,0,0,1
1,0,0,0,1,0,0,0,1
1,0,0,0,1,0,0,0,1
1,0,0,0,1,0,0,0,1
1,0,0,0,1,0,0,0,1
1,0,0,0,1,0,0,0,1
1,0,0,0,1,0,0,0,1
1,0,0,0,1,0,0,0,1
1,0,0,0,1,0,0,0,1
1,0,0,0,1,0,0,0,1
1,0,0,0,1,0,0,0,1
1,0,0,0,1,0,0,0,1
1,0,0,0,1,0,0,0,1
1,0,0,0,1,0,0,0,1
1,0,0,0,1,0,0,0,1
1,0,0,0,1,0,0,0,1
1,0,0,0,1,0,0,0,1
1,0,0,0,1,0,0,0,1
1,0,0,0,1,0,0,0,1
1,0,0,0,1,0,0,0,1
1,0,0,0,1,0,0,0,1
1,0,0,0,1,0,0,0,1
1,0,0,0,1,0,0,0,1
1,0,0,0,1,0,0,0,1
1,0,0,0,1,0,0,0,1
1,0,0,0,1,0,0,0,1
1,0,0,0,1,0,0,0,1
1,0,0,0,1,0,0,0,1
1,0,0,0,1,0,0,0,1
1,0,0,0,1,0,0,0,1
1,0,0,0,1,0,0,0,1
1,0,0,0,1,0,0,0,1
1,0,0,0,1,0,0,0,1
1,0,0,0,1,0,0,0,1
1,0,0,0,1,0,0,0,1
1,0,0,0,1,0,0,0,1
1,0,0,0,1,0,0,0,1
1,0,0,0,1,0,0,0,1
1,0,0,0,1,0,0,0,1
1,0,0,0,1,0,0,0,1
1,0,0,0,1,0,0,0,1
1,0,0,0,1,0,0,0,1
1,0,0,0,1,0,0,0,1
1,0,0,0,1,0,0,0,1
1,0,0,0,1,0,0,0,1
1,0,0,0,1,0,0,0,1
1,0,0,0,1,0,0,0,1
1,0,0,0,1,0,0,0,1
1,0,0,0,1,0,0,0,1
1,0,0,0,1,0,0,0,1
1,0,0,0,1,0,0,0,1
1,0,0,0,1,0,0,0,1
1,0,0,0,1,0,0,0,1
1,0,0,0,1,0,0,0,1
1,0,0,0,1,0,0,0,1
1,0,0,0,1,0,0,0,1
1,0,0,0,1,0,0,0,1
1,0,0,0,1,0,0,0,1
1,0,0,0,1,0,0,0,1
1,0,0,0,1,0,0,0,1
1,0,0,0,1,0,0,0,1
1,0,0,0,1,0,0,0,1
1,0,0,0,1,0,0,0,1
1,0,0,0,1,0,0,0,1
1,0,0,0,1,0,0,0,1
1,0,0,0,1,0,0,0,1
1,0,0,0,1,0,0,0,1
1,0,0,0,1,0,0,0,1
1,0,0,0,1,0,0,0,1
1,0,0,0,1,0,0,0,1
1,0,0,0,1,0,0,0,1
1,0,0,0,1,0,0,0,1
1,0,0,0,1,0,0,0,1
1,0,0,0,1,0,0,0,1
1,0,0,0,1,0,0,0,1
1,0,0,0,1,0,0,0,1
1,0,0,0,1,0,0,0,1
1,0,0,0,1,0,0,0,1
1,0,0,0,1,0,0,0,1
1,0,0,0,1,0,0,0,1
1,0,0,0,1,0,0,0,1
1,0,0,0,1,0,0,0,1
1,0,0,0,1,0,0,0,1
1,0,0,0,1,0,0,0,1
1,0,0,0,1,0,0,0,1
1,0,0,0,1,0,0,0,1
1,0,0,0,1,0,0,0,1
1,0,0,0,1,0,0,0,1
1,0,0,0,1,0,0,0,1
1,0,0,0,1,0,0,0,1
1,0,0,0,1,0,0,0,1
1,0,0,0,1,0,0,0,1
1,0,0,0,1,0,0,0,1
1,0,0,0,1,0,0,0,1
1,0,0,0,1,0,0,0,1
1,0,0,0,1,0,0,0,1
1,0,0,0,1,0,0,0,1
1,0,0,0,1,0,0,0,1
1,0,0,0,1,0,0,0,1
1,0,0,0,1,0,0,0,1
1,0,0,0,1,0,0,0,1
1,0,0,0,1,0,0,0,1
1,0,0,0,1,0,0,0,1
1,0,0,0,1,0,0,0,1
1,0,0,0,1,0,0,0,1
1,0,0,0,1,0,0,0,1
1,0,0,0,1,0,0,0,1
1,0,0,0,1,0,0,0,1
1,0,0,0,1,0,0,0,1
1,0,0,0,1,0,0,0,1
1,0,0,0,1,0,0,0,1
1,0,0,0,1,0,0,0,1
1,0,0,0,1,0,0,0,1
1,0,0,0,1,0,0,0,1
1,0,0,0,1,0,0,0,1
1,0,0,0,1,0,0,0,1
1,0,0,0,1,0,0,0,1
1,0,0,0,1,0,0,0,1
1,0,0,0,1,0,0,0,1
1,0,0,0,1,0,0,0,1
1,0,0,0,1,0,0,0,1
1,0,0,0,1,0,0,0,1
1,0,0,0,1,0,0,0,1
1,0,0,0,1,0,0,0,1
1,0,0,0,1,0,0,0,1
1,0,0,0,1,0,0,0,1
1,0,0,0,1,0,0,0,1
1,0,0,0,1,0,0,0,1
1,0,0,0,1,0,0,0,1
1,0,0,0,1,0,0,0,1
1,0,0,0,1,0,0,0,1
1,0,0,0,1,0,0,0,1
1,0,0,0,1,0,0,0,1
1,0,0,0,1,0,0,0,1
1,0,0,0,1,0,0,0,1
1,0,0,0,1,0,0,0,1
1,0,0,0,1,0,0,0,1
1,0,0,0,1,0,0,0,1
1,0,0,0,1,0,0,0,1
1,0,0,0,1,0,0,0,1
1,0,0,0,1,0,0,0,1
1,0,0,0,1,0,0,0,1
1,0,0,0,1,0,0,0,1
1,0,0,0,1,0,0,0,1
1,0,0,0,1,0,0,0,1
1,0,0,0,1,0,0,0,1
1,0,0,0,1,0,0,0,1
1,0,0,0,1,0,0,0,1
1,0,0,0,1,0,0,0,1
1,0,0,0,1,0,0,0,1
1,0,0,0,1,0,0,0,1
1,0,0,0,1,0,0,0,1
1,0,0,0,1,0,0,0,1
1,0,0,0,1,0,0,0,1
1,0,0,0,1,0,0,0,1
1,0,0,0,1,0,0,0,1
1,0,0,0,1,0,0,0,1
1,0,0,0,1,0,0,0,1
1,0,0,0,1,0,0,0,1
1,0,0,0,1,0,0,0,1
1,0,0,0,1,0,0,0,1
1,0,0,0,1,0,0,0,1
1,0,0,0,1,0,0,0,1
1,0,0,0,1,0,0,0,1
1,0,0,0,1,0,0,0,1
1,0,0,0,1,0,0,0,1
1,0,0,0,1,0,0,0,1
1,0,0,0,1,0,0,0,1
1,0,0,0,1,0,0,0,1
1,0,0,0,1,0,0,0,1
1,0,0,0,1,0,0,0,1
1,0,0,0,1,0,0,0,1
1,0,0,0,1,0,0,0,1
1,0,0,0,1,0,0,0,1
1,0,0,0,1,0,0,0,1
1,0,0,0,1,0,0,0,1
1,0,0,0,1,0,0,0,1
1,0,0,0,1,0,0,0,1
1,0,0,0,1,0,0,0,1
1,0,0,0,1,0,0,0,1
1,0,0,0,1,0,0,0,1
1,0,0,0,1,0,0,0,1
1,0,0,0,1,0,0,0,1
1,0,0,0,1,0,0,0,1
1,0,0,0,1,0,0,0,1
1,0,0,0,1,0,0,0,1
1,0,0,0,1,0,0,0,1
1,0,0,0,1,0,0,0,1
1,0,0,0,1,0,0,0,1
1,0,0,0,1,0,0,0,1
1,0,0,0,1,0,0,0,1
1,0,0,0,1,0,0,0,1
1,0,0,0,1,0,0,0,1
1,0,0,0,1,0,0,0,1
1,0,0,0,1,0,0,0,1
1,0,0,0,1,0,0,0,1
1,0,0,0,1,0,0,0,1
1,0,0,0,1,0,0,0,1
1,0,0,0,1,0,0,0,1
1,0,0,0,1,0,0,0,1
1,0,0,0,1,0,0,0,1
1,0,0,0,1,0,0,0,1
1,0,0,0,1,0,0,0,1
1,0,0,0,1,0,0,0,1
1,0,0,0,1,0,0,0,1
1,0,0,0,1,0,0,0,1
1,0,0,0,1,0,0,0,1
1,0,0,0,1,0,0,0,1
1,0,0,0,1,0,0,0,1
1,0,0,0,1,0,0,0,1
1,0,0,0,1,0,0,0,1
1,0,0,0,1,0,0,0,1
1,0,0,0,1,0,0,0,1
1,0,0,0,1,0,0,0,1
1,0,0,0,1,0,0,0,1
1,0,0,0,1,0,0,0,1
1,0,0,0,1,0,0,0,1
1,0,0,0,1,0,0,0,1
1,0,0,0,1,0,0,0,1
1,0,0,0,1,0,0,0,1
1,0,0,0,1,0,0,0,1
1,0,0,0,1,0,0,0,1
1,0,0,0,1,0,0,0,1
1,0,0,0,1,0,0,0,1
1,0,0,0,1,0,0,0,1
1,0,0,0,1,0,0,0,1
1,0,0,0,1,0,0,0,1
1,0,0,0,1,0,0,0,1
1,0,0,0,1,0,0,0,1
1,0,0,0,1,0,0,0,1
1,0,0,0,1,0,0,0,1
1,0,0,0,1,0,0,0,1
1,0,0,0,1,0,0,0,1
1,0,0,0,1,0,0,0,1
1,0,0,0,1,0,0,0,1
1,0,0,0,1,0,0,0,1
1,0,0,0,1,0,0,0,1
1,0,0,0,1,0,0,0,1
1,0,0,0,1,0,0,0,1
1,0,0,0,1,0,0,0,1
1,0,0,0,1,0,0,0,1
1,0,0,0,1,0,0,0,1
1,0,0,0,1,0,0,0,1
1,0,0,0,1,0,0,0,1
1,0,0,0,1,0,0,0,1
1,0,0,0,1,0,0,0,1
1,0,0,0,1,0,0,0,1
1,0,0,0,1,0,0,0,1
1,0,0,0,1,0,0,0,1
1,0,0,0,1,0,0,0,1
1,0,0,0,1,0,0,0,1
1,0,0,0,1,0,0,0,1
1,0,0,0,1,0,0,0,1
1,0,0,0,1,0,0,0,1
1,0,0,0,1,0,0,0,1
1,0,0,0,1,0,0,0,1
1,0,0,0,1,0,0,0,1
1,0,0,0,1,0,0,0,1
1,0,0,0,1,0,0,0,1
1,0,0,0,1,0,0,0,1
1,0,0,0,1,0,0,0,1
1,0,0,0,1,0,0,0,1
1,0,0,0,1,0,0,0,1
1,0,0,0,1,0,0,0,1
1,0,0,0,1,0,0,0,1
1,0,0,0,1,0,0,0,1
1,0,0,0,1,0,0,0,1
1,0,0,0,1,0,0,0,1
1,0,0,0,1,0,0,0,1
1,0,0,0,1,0,0,0,1
1,0,0,0,1,0,0,0,1
1,0,0,0,1,0,0,0,1
1,0,0,0,1,0,0,0,1
1,0,0,0,1,0,0,0,1
1,0,0,0,1,0,0,0,1
1,0,0,0,1,0,0,0,1
1,0,0,0,1,0,0,0,1
1,0,0,0,1,0,0,0,1
1,0,0,0,1,0,0,0,1
1,0,0,0,1,0,0,0,1
1,0,0,0,1,0,0,0,1
1,0,0,0,1,0,0,0,1
1,0,0,0,1,0,0,0,1
1,0,0,0,1,0,0,0,1
1,0,0,0,1,0,0,0,1
1,0,0,0,1,0,0,0,1
1,0,0,0,1,0,0,0,1
1,0,0,0,1,0,0,0,1
1,0,0,0,1,0,0,0,1
1,0,0,0,1,0,0,0,1
1,0,0,0,1,0,0,0,1
1,0,0,0,1,0,0,0,1
1,0,0,0,1,0,0,0,1
1,0,0,0,1,0,0,0,1
1,0,0,0,1,0,0,0,1
1,0,0,0,1,0,0,0,1
1,0,0,0,1,0,0,0,1
1,0,0,0,1,0,0,0,1
1,0,0,0,1,0,0,0,1
1,0,0,0,1,0,0,0,1
1,0,0,0,1,0,0,0,1
1,0,0,0,1,0,0,0,1
1,0,0,0,1,0,0,0,1
1,0,0,0,1,0,0,0,1
1,0,0,0,1,0,0,0,1
1,0,0,0,1,0,0,0,1
1,0,0,0,1,0,0,0,1
1,0,0,0,1,0,0,0,1
1,0,0,0,1,0,0,0,1
1,0,0,0,1,0,0,0,1
1,0,0,0,1,0,0,0,1
1,0,0,0,1,0,0,0,1
1,0,0,0,1,0,0,0,1
1,0,0,0,1,0,0,0,1
1,0,0,0,1,0,0,0,1
1,0,0,0,1,0,0,0,1
1,0,0,0,1,0,0,0,1
1,0,0,0,1,0,0,0,1
1,0,0,0,1,0,0,0,1
1,0,0,0,1,0,0,0,1
1,0,0,0,1,0,0,0,1
1,0,0,0,1,0,0,0,1
1,0,0,0,1,0,0,0,1
1,0,0,0,1,0,0,0,1
1,0,0,0,1,0,0,0,1
1,0,0,0,1,0,0,0,1
1,0,0,0,1,0,0,0,1
1,0,0,0,1,0,0,0,1
1,0,0,0,1,0,0,0,1
1,0,0,0,1,0,0,0,1
1,0,0,0,1,0,0,0,1
1,0,0,0,1,0,0,0,1
1,0,0,0,1,0,0,0,1
1,0,0,0,1,0,0,0,1
1,0,0,0,1,0,0,0,1
1,0,0,0,1,0,0,0,1
1,0,0,0,1,0,0,0,1
1,0,0,0,1,0,0,0,1
1,0,0,0,1,0,0,0,1
1,0,0,0,1,0,0,0,1
1,0,0,0,1,0,0,0,1
1,0,0,0,1,0,0,0,1
1,0,0,0,1,0,0,0,1
1,0,0,0,1,0,0,0,1
1,0,0,0,1,0,0,0,1
1,0,0,0,1,0,0,0,1
1,0,0,0,1,0,0,0,1
1,0,0,0,1,0,0,0,1
1,0,0,0,1,0,0,0,1
1,0,0,0,1,0,0,0,1
1,0,0,0,1,0,0,0,1
1,0,0,0,1,0,0,0,1
1,0,0,0,1,0,0,0,1
1,0,0,0,1,0,0,0,1
1,0,0,0,1,0,0,0,1
1,0,0,0,1,0,0,0,1
1,0,0,0,1,0,0,0,1
1,0,0,0,1,0,0,0,1
1,0,0,0,1,0,0,0,1
1,0,0,0,1,0,0,0,1
1,0,0,0,1,0,0,0,1
1,0,0,0,1,0,0,0,1
1,0,0,0,1,0,0,0,1
1,0,0,0,1,0,0,0,1
1,0,0,0,1,0,0,0,1
1,0,0,0,1,0,0,0,1
1,0,0,0,1,0,0,0,1
1,0,0,0,1,0,0,0,1
1,0,0,0,1,0,0,0,1
1,0,0,0,1,0,0,0,1
1,0,0,0,1,0,0,0,1
1,0,0,0,1,0,0,0,1
1,0,0,0,1,0,0,0,1
1,0,0,0,1,0,0,0,1
1,0,0,0,1,0,0,0,1
1,0,0,0,1,0,0,0,1
1,0,0,0,1,0,0,0,1
1,0,0,0,1,0,0,0,1
1,0,0,0,1,0,0,0,1
1,0,0,0,1,0,0,0,1
1,0,0,0,1,0,0,0,1
1,0,0,0,1,0,0,0,1
1,0,0,0,1,0,0,0,1
1,0,0,0,1,0,0,0,1
1,0,0,0,1,0,0,0,1
1,0,0,0,1,0,0,0,1
1,0,0,0,1,0,0,0,1
1,0,0,0,1,0,0,0,1
1,0,0,0,1,0,0,0,1
1,0,0,0,1,0,0,0,1
1,0,0,0,1,0,0,0,1
1,0,0,0,1,0,0,0,1
1,0,0,0,1,0,0,0,1
1,0,0,0,1,0,0,0,1
1,0,0,0,1,0,0,0,1
1,0,0,0,1,0,0,0,1
1,0,0,0,1,0,0,0,1
1,0,0,0,1,0,0,0,1
1,0,0,0,1,0,0,0,1
1,0,0,0,1,0,0,0,1
1,0,0,0,1,0,0,0,1
1,0,0,0,1,0,0,0,1
1,0,0,0,1,0,0,0,1
1,0,0,0,1,0,0,0,1
1,0,0,0,1,0,0,0,1
1,0,0,0,1,0,0,0,1
1,0,0,0,1,0,0,0,1
1,0,0,0,1,0,0,0,1
1,0,0,0,1,0,0,0,1
1,0,0,0,1,0,0,0,1
1,0,0,0,1,0,0,0,1
1,0,0,0,1,0,0,0,1
1,0,0,0,1,0,0,0,1
1,0,0,0,1,0,0,0,1
1,0,0,0,1,0,0,0,1
1,0,0,0,1,0,0,0,1
1,0,0,0,1,0,0,0,1
1,0,0,0,1,0,0,0,1
1,0,0,0,1,0,0,0,1
1,0,0,0,1,0,0,0,1
1,0,0,0,1,0,0,0,1
1,0,0,0,1,0,0,0,1
1,0,0,0,1,0,0,0,1
1,0,0,0,1,0,0,0,1
1,0,0,0,1,0,0,0,1
1,0,0,0,1,0,0,0,1
1,0,0,0,1,0,0,0,1
1,0,0,0,1,0,0,0,1
1,0,0,0,1,0,0,0,1
1,0,0,0,1,0,0,0,1
1,0,0,0,1,0,0,0,1
1,0,0,0,1,0,0,0,1
1,0,0,0,1,0,0,0,1
1,0,0,0,1,0,0,0,1
1,0,0,0,1,0,0,0,1
1,0,0,0,1,0,0,0,1
1,0,0,0,1,0,0,0,1
1,0,0,0,1,0,0,0,1
1,0,0,0,1,0,0,0,1
1,0,0,0,1,0,0,0,1
1,0,0,0,1,0,0,0,1
1,0,0,0,1,0,0,0,1
1,0,0,0,1,0,0,0,1
1,0,0,0,1,0,0,0,1
1,0,0,0,1,0,0,0,1
1,0,0,0,1,0,0,0,1
1,0,0,0,1,0,0,0,1
1,0,0,0,1,0,0,0,1
1,0,0,0,1,0,0,0,1
1,0,0,0,1,0,0,0,1
1,0,0,0,1,0,0,0,1
1,0,0,0,1,0,0,0,1
1,0,0,0,1,0,0,0,1
1,0,0,0,1,0,0,0,1
1,0,0,0,1,0,0,0,1
1,0,0,0,1,0,0,0,1
1,0,0,0,1,0,0,0,1
1,0,0,0,1,0,0,0,1
1,0,0,0,1,0,0,0,1
1,0,0,0,1,0,0,0,1
1,0,0,0,1,0,0,0,1
1,0,0,0,1,0,0,0,1
1,0,0,0,1,0,0,0,1
1,0,0,0,1,0,0,0,1
1,0,0,0,1,0,0,0,1
1,0,0,0,1,0,0,0,1
1,0,0,0,1,0,0,0,1
1,0,0,0,1,0,0,0,1
1,0,0,0,1,0,0,0,1
1,0,0,0,1,0,0,0,1
1,0,0,0,1,0,0,0,1
1,0,0,0,1,0,0,0,1
1,0,0,0,1,0,0,0,1
1,0,0,0,1,0,0,0,1
1,0,0,0,1,0,0,0,1
1,0,0,0,1,0,0,0,1
1,0,0,0,1,0,0,0,1
1,0,0,0,1,0,0,0,1
1,0,0,0,1,0,0,0,1
1,0,0,0,1,0,0,0,1
1,0,0,0,1,0,0,0,1
1,0,0,0,1,0,0,0,1
1,0,0,0,1,0,0,0,1
1,0,0,0,1,0,0,0,1
1,0,0,0,1,0,0,0,1
1,0,0,0,1,0,0,0,1
1,0,0,0,1,0,0,0,1
1,0,0,0,1,0,0,0,1
1,0,0,0,1,0,0,0,1
1,0,0,0,1,0,0,0,1
1,0,0,0,1,0,0,0,1
1,0,0,0,1,0,0,0,1
1,0,0,0,1,0,0,0,1
1,0,0,0,1,0,0,0,1
1,0,0,0,1,0,0,0,1
1,0,0,0,1,0,0,0,1
1,0,0,0,1,0,0,0,1
1,0,0,0,1,0,0,0,1
1,0,0,0,1,0,0,0,1
1,0,0,0,1,0,0,0,1
1,0,0,0,1,0,0,0,1
1,0,0,0,1,0,0,0,1
1,0,0,0,1,0,0,0,1
1,0,0,0,1,0,0,0,1
1,0,0,0,1,0,0,0,1
1,0,0,0,1,0,0,0,1
1,0,0,0,1,0,0,0,1
1,0,0,0,1,0,0,0,1
1,0,0,0,1,0,0,0,1
1,0,0,0,1,0,0,0,1
1,0,0,0,1,0,0,0,1
1,0,0,0,1,0,0,0,1
1,0,0,0,1,0,0,0,1
1,0,0,0,1,0,0,0,1
1,0,0,0,1,0,0,0,1
1,0,0,0,1,0,0,0,1
1,0,0,0,1,0,0,0,1
1,0,0,0,1,0,0,0,1
1,0,0,0,1,0,0,0,1
1,0,0,0,1,0,0,0,1
1,0,0,0,1,0,0,0,1
1,0,0,0,1,0,0,0,1
1,0,0,0,1,0,0,0,1
1,0,0,0,1,0,0,0,1
1,0,0,0,1,0,0,0,1
1,0,0,0,1,0,0,0,1
1,0,0,0,1,0,0,0,1
1,0,0,0,1,0,0,0,1
1,0,0,0,1,0,0,0,1
1,0,0,0,1,0,0,0,1
1,0,0,0,1,0,0,0,1
1,0,0,0,1,0,0,0,1
1,0,0,0,1,0,0,0,1
1,0,0,0,1,0,0,0,1
1,0,0,0,1,0,0,0,1
1,0,0,0,1,0,0,0,1
1,0,0,0,1,0,0,0,1
1,0,0,0,1,0,0,0,1
1,0,0,0,1,0,0,0,1
1,0,0,0,1,0,0,0,1
1,0,0,0,1,0,0,0,1
1,0,0,0,1,0,0,0,1
1,0,0,0,1,0,0,0,1
1,0,0,0,1,0,0,0,1
1,0,0,0,1,0,0,0,1
1,0,0,0,1,0,0,0,1
1,0,0,0,1,0,0,0,1
1,0,0,0,1,0,0,0,1
1,0,0,0,1,0,0,0,1
1,0,0,0,1,0,0,0,1
1,0,0,0,1,0,0,0,1
1,0,0,0,1,0,0,0,1
1,0,0,0,1,0,0,0,1
1,0,0,0,1,0,0,0,1
1,0,0,0,1,0,0,0,1
1,0,0,0,1,0,0,0,1
1,0,0,0,1,0,0,0,1
1,0,0,0,1,0,0,0,1
1,0,0,0,1,0,0,0,1
1,0,0,0,1,0,0,0,1
1,0,0,0,1,0,0,0,1
1,0,0,0,1,0,0,0,1
1,0,0,0,1,0,0,0,1
1,0,0,0,1,0,0,0,1
1,0,0,0,1,0,0,0,1
1,0,0,0,1,0,0,0,1
1,0,0,0,1,0,0,0,1
1,0,0,0,1,0,0,0,1
1,0,0,0,1,0,0,0,1
1,0,0,0,1,0,0,0,1
1,0,0,0,1,0,0,0,1
1,0,0,0,1,0,0,0,1
1,0,0,0,1,0,0,0,1
1,0,0,0,1,0,0,0,1
1,0,0,0,1,0,0,0,1
1,0,0,0,1,0,0,0,1
1,0,0,0,1,0,0,0,1
1,0,0,0,1,0,0,0,1
1,0,0,0,1,0,0,0,1
1,0,0,0,1,0,0,0,1
1,0,0,0,1,0,0,0,1
1,0,0,0,1,0,0,0,1
1,0,0,0,1,0,0,0,1
1,0,0,0,1,0,0,0,1
1,0,0,0,1,0,0,0,1
1,0,0,0,1,0,0,0,1
1,0,0,0,1,0,0,0,1
1,0,0,0,1,0,0,0,1
1,0,0,0,1,0,0,0,1
1,0,0,0,1,0,0,0,1
1,0,0,0,1,0,0,0,1
1,0,0,0,1,0,0,0,1
1,0,0,0,1,0,0,0,1
1,0,0,0,1,0,0,0,1
1,0,0,0,1,0,0,0,1
1,0,0,0,1,0,0,0,1
1,0,0,0,1,0,0,0,1
1,0,0,0,1,0,0,0,1
1,0,0,0,1,0,0,0,1
1,0,0,0,1,0,0,0,1
1,0,0,0,1,0,0,0,1
1,0,0,0,1,0,0,0,1
1,0,0,0,1,0,0,0,1
1,0,0,0,1,0,0,0,1
1,0,0,0,1,0,0,0,1
1,0,0,0,1,0,0,0,1
1,0,0,0,1,0,0,0,1
1,0,0,0,1,0,0,0,1
1,0,0,0,1,0,0,0,1
1,0,0,0,1,0,0,0,1
1,0,0,0,1,0,0,0,1
1,0,0,0,1,0,0,0,1
1,0,0,0,1,0,0,0,1
1,0,0,0,1,0,0,0,1
1,0,0,0,1,0,0,0,1
1,0,0,0,1,0,0,0,1
1,0,0,0,1,0,0,0,1
1,0,0,0,1,0,0,0,1
1,0,0,0,1,0,0,0,1
1,0,0,0,1,0,0,0,1
1,0,0,0,1,0,0,0,1
1,0,0,0,1,0,0,0,1
1,0,0,0,1,0,0,0,1
1,0,0,0,1,0,0,0,1
1,0,0,0,1,0,0,0,1
1,0,0,0,1,0,0,0,1
1,0,0,0,1,0,0,0,1
1,0,0,0,1,0,0,0,1
1,0,0,0,1,0,0,0,1
1,0,0,0,1,0,0,0,1
1,0,0,0,1,0,0,0,1
1,0,0,0,1,0,0,0,1
1,0,0,0,1,0,0,0,1
1,0,0,0,1,0,0,0,1
1,0,0,0,1,0,0,0,1
1,0,0,0,1,0,0,0,1
1,0,0,0,1,0,0,0,1
1,0,0,0,1,0,0,0,1
1,0,0,0,1,0,0,0,1
1,0,0,0,1,0,0,0,1
1,0,0,0,1,0,0,0,1
1,0,0,0,1,0,0,0,1
1,0,0,0,1,0,0,0,1
1,0,0,0,1,0,0,0,1
1,0,0,0,1,0,0,0,1
1,0,0,0,1,0,0,0,1
1,0,0,0,1,0,0,0,1
1,0,0,0,1,0,0,0,1
1,0,0,0,1,0,0,0,1
1,0,0,0,1,0,0,0,1
1,0,0,0,1,0,0,0,1
1,0,0,0,1,0,0,0,1
1,0,0,0,1,0,0,0,1
1,0,0,0,1,0,0,0,1
1,0,0,0,1,0,0,0,1
1,0,0,0,1,0,0,0,1
1,0,0,0,1,0,0,0,1
1,0,0,0,1,0,0,0,1
1,0,0,0,1,0,0,0,1
1,0,0,0,1,0,0,0,1
1,0,0,0,1,0,0,0,1
1,0,0,0,1,0,0,0,1
1,0,0,0,1,0,0,0,1
1,0,0,0,1,0,0,0,1
1,0,0,0,1,0,0,0,1
1,0,0,0,1,0,0,0,1
1,0,0,0,1,0,0,0,1
1,0,0,0,1,0,0,0,1
1,0,0,0,1,0,0,0,1
1,0,0,0,1,0,0,0,1
1,0,0,0,1,0,0,0,1
1,0,0,0,1,0,0,0,1
1,0,0,0,1,0,0,0,1
1,0,0,0,1,0,0,0,1
1,0,0,0,1,0,0,0,1
1,0,0,0,1,0,0,0,1
1,0,0,0,1,0,0,0,1
1,0,0,0,1,0,0,0,1
1,0,0,0,1,0,0,0,1
1,0,0,0,1,0,0,0,1
1,0,0,0,1,0,0,0,1
1,0,0,0,1,0,0,0,1
1,0,0,0,1,0,0,0,1
1,0,0,0,1,0,0,0,1
1,0,0,0,1,0,0,0,1
1,0,0,0,1,0,0,0,1
1,0,0,0,1,0,0,0,1
1,0,0,0,1,0,0,0,1
1,0,0,0,1,0,0,0,1
1,0,0,0,1,0,0,0,1
1,0,0,0,1,0,0,0,1
1,0,0,0,1,0,0,0,1
1,0,0,0,1,0,0,0,1
1,0,0,0,1,0,0,0,1
1,0,0,0,1,0,0,0,1
1,0,0,0,1,0,0,0,1
1,0,0,0,1,0,0,0,1
1,0,0,0,1,0,0,0,1
1,0,0,0,1,0,0,0,1
1,0,0,0,1,0,0,0,1
1,0,0,0,1,0,0,0,1
1,0,0,0,1,0,0,0,1
1,0,0,0,1,0,0,0,1
1,0,0,0,1,0,0,0,1
1,0,0,0,1,0,0,0,1
1,0,0,0,1,0,0,0,1
1,0,0,0,1,0,0,0,1
1,0,0,0,1,0,0,0,1
1,0,0,0,1,0,0,0,1
1,0,0,0,1,0,0,0,1
1,0,0,0,1,0,0,0,1
1,0,0,0,1,0,0,0,1
1,0,0,0,1,0,0,0,1
1,0,0,0,1,0,0,0,1
1,0,0,0,1,0,0,0,1
1,0,0,0,1,0,0,0,1
1,0,0,0,1,0,0,0,1
1,0,0,0,1,0,0,0,1
1,0,0,0,1,0,0,0,1
1,0,0,0,1,0,0,0,1
1,0,0,0,1,0,0,0,1
1,0,0,0,1,0,0,0,1
1,0,0,0,1,0,0,0,1
1,0,0,0,1,0,0,0,1
1,0,0,0,1,0,0,0,1
1,0,0,0,1,0,0,0,1
1,0,0,0,1,0,0,0,1
1,0,0,0,1,0,0,0,1
1,0,0,0,1,0,0,0,1
1,0,0,0,1,0,0,0,1
1,0,0,0,1,0,0,0,1
1,0,0,0,1,0,0,0,1
1,0,0,0,1,0,0,0,1
1,0,0,0,1,0,0,0,1
1,0,0,0,1,0,0,0,1
1,0,0,0,1,0,0,0,1
1,0,0,0,1,0,0,0,1
1,0,0,0,1,0,0,0,1
1,0,0,0,1,0,0,0,1
1,0,0,0,1,0,0,0,1
1,0,0,0,1,0,0,0,1
1,0,0,0,1,0,0,0,1
1,0,0,0,1,0,0,0,1
1,0,0,0,1,0,0,0,1
1,0,0,0,1,0,0,0,1
1,0,0,0,1,0,0,0,1
1,0,0,0,1,0,0,0,1
1,0,0,0,1,0,0,0,1
1,0,0,0,1,0,0,0,1
1,0,0,0,1,0,0,0,1
1,0,0,0,1,0,0,0,1
1,0,0,0,1,0,0,0,1
1,0,0,0,1,0,0,0,1
1,0,0,0,1,0,0,0,1
1,0,0,0,1,0,0,0,1
1,0,0,0,1,0,0,0,1
1,0,0,0,1,0,0,0,1
1,0,0,0,1,0,0,0,1
1,0,0,0,1,0,0,0,1
1,0,0,0,1,0,0,0,1
1,0,0,0,1,0,0,0,1
1,0,0,0,1,0,0,0,1
1,0,0,0,1,0,0,0,1
1,0,0,0,1,0,0,0,1
1,0,0,0,1,0,0,0,1
1,0,0,0,1,0,0,0,1
1,0,0,0,1,0,0,0,1
1,0,0,0,1,0,0,0,1
1,0,0,0,1,0,0,0,1
1,0,0,0,1,0,0,0,1
1,0,0,0,1,0,0,0,1
1,0,0,0,1,0,0,0,1
1,0,0,0,1,0,0,0,1
1,0,0,0,1,0,0,0,1
1,0,0,0,1,0,0,0,1
1,0,0,0,1,0,0,0,1
1,0,0,0,1,0,0,0,1
1,0,0,0,1,0,0,0,1
1,0,0,0,1,0,0,0,1
1,0,0,0,1,0,0,0,1
1,0,0,0,1,0,0,0,1
1,0,0,0,1,0,0,0,1
1,0,0,0,1,0,0,0,1
1,0,0,0,1,0,0,0,1
1,0,0,0,1,0,0,0,1
1,0,0,0,1,0,0,0,1
1,0,0,0,1,0,0,0,1
1,0,0,0,1,0,0,0,1
1,0,0,0,1,0,0,0,1
1,0,0,0,1,0,0,0,1
1,0,0,0,1,0,0,0,1
1,0,0,0,1,0,0,0,1
1,0,0,0,1,0,0,0,1
1,0,0,0,1,0,0,0,1
1,0,0,0,1,0,0,0,1
1,0,0,0,1,0,0,0,1
1,0,0,0,1,0,0,0,1
1,0,0,0,1,0,0,0,1
1,0,0,0,1,0,0,0,1
1,0,0,0,1,0,0,0,1
1,0,0,0,1,0,0,0,1
1,0,0,0,1,0,0,0,1
1,0,0,0,1,0,0,0,1
1,0,0,0,1,0,0,0,1
1,0,0,0,1,0,0,0,1
1,0,0,0,1,0,0,0,1
1,0,0,0,1,0,0,0,1
1,0,0,0,1,0,0,0,1
1,0,0,0,1,0,0,0,1
1,0,0,0,1,0,0,0,1
1,0,0,0,1,0,0,0,1
1,0,0,0,1,0,0,0,1
1,0,0,0,1,0,0,0,1
1,0,0,0,1,0,0,0,1
1,0,0,0,1,0,0,0,1
1,0,0,0,1,0,0,0,1
1,0,0,0,1,0,0,0,1
1,0,0,0,1,0,0,0,1
1,0,0,0,1,0,0,0,1
1,0,0,0,1,0,0,0,1
1,0,0,0,1,0,0,0,1
1,0,0,0,1,0,0,0,1
1,0,0,0,1,0,0,0,1
1,0,0,0,1,0,0,0,1
1,0,0,0,1,0,0,0,1
1,0,0,0,1,0,0,0,1
1,0,0,0,1,0,0,0,1
1,0,0,0,1,0,0,0,1
1,0,0,0,1,0,0,0,1
1,0,0,0,1,0,0,0,1
1,0,0,0,1,0,0,0,1
1,0,0,0,1,0,0,0,1
1,0,0,0,1,0,0,0,1
1,0,0,0,1,0,0,0,1
1,0,0,0,1,0,0,0,1
1,0,0,0,1,0,0,0,1
1,0,0,0,1,0,0,0,1
1,0,0,0,1,0,0,0,1
1,0,0,0,1,0,0,0,1
1,0,0,0,1,0,0,0,1
1,0,0,0,1,0,0,0,1
1,0,0,0,1,0,0,0,1
1,0,0,0,1,0,0,0,1
1,0,0,0,1,0,0,0,1
1,0,0,0,1,0,0,0,1
1,0,0,0,1,0,0,0,1
1,0,0,0,1,0,0,0,1
1,0,0,0,1,0,0,0,1
1,0,0,0,1,0,0,0,1
1,0,0,0,1,0,0,0,1
1,0,0,0,1,0,0,0,1
1,0,0,0,1,0,0,0,1
1,0,0,0,1,0,0,0,1
1,0,0,0,1,0,0,0,1
1,0,0,0,1,0,0,0,1
1,0,0,0,1,0,0,0,1
1,0,0,0,1,0,0,0,1
1,0,0,0,1,0,0,0,1
1,0,0,0,1,0,0,0,1
1,0,0,0,1,0,0,0,1
1,0,0,0,1,0,0,0,1
1,0,0,0,1,0,0,0,1
1,0,0,0,1,0,0,0,1
1,0,0,0,1,0,0,0,1
1,0,0,0,1,0,0,0,1
1,0,0,0,1,0,0,0,1
1,0,0,0,1,0,0,0,1
1,0,0,0,1,0,0,0,1
1,0,0,0,1,0,0,0,1
1,0,0,0,1,0,0,0,1
1,0,0,0,1,0,0,0,1
1,0,0,0,1,0,0,0,1
1,0,0,0,1,0,0,0,1
1,0,0,0,1,0,0,0,1
1,0,0,0,1,0,0,0,1
1,0,0,0,1,0,0,0,1
1,0,0,0,1,0,0,0,1
1,0,0,0,1,0,0,0,1
1,0,0,0,1,0,0,0,1
1,0,0,0,1,0,0,0,1
1,0,0,0,1,0,0,0,1
1,0,0,0,1,0,0,0,1
1,0,0,0,1,0,0,0,1
1,0,0,0,1,0,0,0,1
1,0,0,0,1,0,0,0,1
1,0,0,0,1,0,0,0,1
1,0,0,0,1,0,0,0,1
1,0,0,0,1,0,0,0,1
1,0,0,0,1,0,0,0,1
1,0,0,0,1,0,0,0,1
1,0,0,0,1,0,0,0,1
1,0,0,0,1,0,0,0,1
1,0,0,0,1,0,0,0,1
1,0,0,0,1,0,0,0,1
1,0,0,0,1,0,0,0,1
1,0,0,0,1,0,0,0,1
1,0,0,0,1,0,0,0,1
1,0,0,0,1,0,0,0,1
1,0,0,0,1,0,0,0,1
1,0,0,0,1,0,0,0,1
1,0,0,0,1,0,0,0,1
1,0,0,0,1,0,0,0,1
1,0,0,0,1,0,0,0,1
1,0,0,0,1,0,0,0,1
1,0,0,0,1,0,0,0,1
1,0,0,0,1,0,0,0,1
1,0,0,0,1,0,0,0,1
1,0,0,0,1,0,0,0,1
1,0,0,0,1,0,0,0,1
1,0,0,0,1,0,0,0,1
1,0,0,0,1,0,0,0,1
1,0,0,0,1,0,0,0,1
1,0,0,0,1,0,0,0,1
1,0,0,0,1,0,0,0,1
1,0,0,0,1,0,0,0,1
1,0,0,0,1,0,0,0,1
1,0,0,0,1,0,0,0,1
1,0,0,0,1,0,0,0,1
1,0,0,0,1,0,0,0,1
1,0,0,0,1,0,0,0,1
1,0,0,0,1,0,0,0,1
1,0,0,0,1,0,0,0,1
1,0,0,0,1,0,0,0,1
1,0,0,0,1,0,0,0,1
1,0,0,0,1,0,0,0,1
1,0,0,0,1,0,0,0,1
1,0,0,0,1,0,0,0,1
1,0,0,0,1,0,0,0,1
1,0,0,0,1,0,0,0,1
1,0,0,0,1,0,0,0,1
1,0,0,0,1,0,0,0,1
1,0,0,0,1,0,0,0,1
1,0,0,0,1,0,0,0,1
1,0,0,0,1,0,0,0,1
1,0,0,0,1,0,0,0,1
1,0,0,0,1,0,0,0,1
1,0,0,0,1,0,0,0,1
1,0,0,0,1,0,0,0,1
1,0,0,0,1,0,0,0,1
1,0,0,0,1,0,0,0,1
1,0,0,0,1,0,0,0,1
1,0,0,0,1,0,0,0,1
1,0,0,0,1,0,0,0,1
1,0,0,0,1,0,0,0,1
1,0,0,0,1,0,0,0,1
1,0,0,0,1,0,0,0,1
1,0,0,0,1,0,0,0,1
1,0,0,0,1,0,0,0,1
1,0,0,0,1,0,0,0,1
1,0,0,0,1,0,0,0,1
1,0,0,0,1,0,0,0,1
1,0,0,0,1,0,0,0,1
1,0,0,0,1,0,0,0,1
1,0,0,0,1,0,0,0,1
1,0,0,0,1,0,0,0,1
1,0,0,0,1,0,0,0,1
1,0,0,0,1,0,0,0,1
1,0,0,0,1,0,0,0,1
1,0,0,0,1,0,0,0,1
1,0,0,0,1,0,0,0,1
1,0,0,0,1,0,0,0,1
1,0,0,0,1,0,0,0,1
1,0,0,0,1,0,0,0,1
1,0,0,0,1,0,0,0,1
1,0,0,0,1,0,0,0,1
1,0,0,0,1,0,0,0,1
1,0,0,0,1,0,0,0,1
1,0,0,0,1,0,0,0,1
1,0,0,0,1,0,0,0,1
1,0,0,0,1,0,0,0,1
1,0,0,0,1,0,0,0,1
1,0,0,0,1,0,0,0,1
1,0,0,0,1,0,0,0,1
1,0,0,0,1,0,0,0,1
1,0,0,0,1,0,0,0,1
1,0,0,0,1,0,0,0,1
1,0,0,0,1,0,0,0,1
1,0,0,0,1,0,0,0,1
1,0,0,0,1,0,0,0,1
1,0,0,0,1,0,0,0,1
1,0,0,0,1,0,0,0,1
1,0,0,0,1,0,0,0,1
1,0,0,0,1,0,0,0,1
1,0,0,0,1,0,0,0,1
1,0,0,0,1,0,0,0,1
1,0,0,0,1,0,0,0,1
1,0,0,0,1,0,0,0,1
1,0,0,0,1,0,0,0,1
1,0,0,0,1,0,0,0,1
1,0,0,0,1,0,0,0,1
1,0,0,0,1,0,0,0,1
1,0,0,0,1,0,0,0,1
1,0,0,0,1,0,0,0,1
1,0,0,0,1,0,0,0,1
1,0,0,0,1,0,0,0,1
1,0,0,0,1,0,0,0,1
1,0,0,0,1,0,0,0,1
1,0,0,0,1,0,0,0,1
1,0,0,0,1,0,0,0,1
1,0,0,0,1,0,0,0,1
1,0,0,0,1,0,0,0,1
1,0,0,0,1,0,0,0,1
1,0,0,0,1,0,0,0,1
1,0,0,0,1,0,0,0,1
1,0,0,0,1,0,0,0,1
1,0,0,0,1,0,0,0,1
1,0,0,0,1,0,0,0,1
1,0,0,0,1,0,0,0,1
1,0,0,0,1,0,0,0,1
1,0,0,0,1,0,0,0,1
1,0,0,0,1,0,0,0,1
1,0,0,0,1,0,0,0,1
1,0,0,0,1,0,0,0,1
1,0,0,0,1,0,0,0,1
1,0,0,0,1,0,0,0,1
1,0,0,0,1,0,0,0,1
1,0,0,0,1,0,0,0,1
1,0,0,0,1,0,0,0,1
1,0,0,0,1,0,0,0,1
1,0,0,0,1,0,0,0,1
1,0,0,0,1,0,0,0,1
1,0,0,0,1,0,0,0,1
1,0,0,0,1,0,0,0,1
1,0,0,0,1,0,0,0,1
1,0,0,0,1,0,0,0,1
1,0,0,0,1,0,0,0,1
1,0,0,0,1,0,0,0,1
1,0,0,0,1,0,0,0,1
1,0,0,0,1,0,0,0,1
1,0,0,0,1,0,0,0,1
1,0,0,0,1,0,0,0,1
1,0,0,0,1,0,0,0,1
1,0,0,0,1,0,0,0,1
1,0,0,0,1,0,0,0,1
1,0,0,0,1,0,0,0,1
1,0,0,0,1,0,0,0,1
1,0,0,0,1,0,0,0,1
1,0,0,0,1,0,0,0,1
1,0,0,0,1,0,0,0,1
1,0,0,0,1,0,0,0,1
1,0,0,0,1,0,0,0,1
1,0,0,0,1,0,0,0,1
1,0,0,0,1,0,0,0,1
1,0,0,0,1,0,0,0,1
1,0,0,0,1,0,0,0,1
1,0,0,0,1,0,0,0,1
1,0,0,0,1,0,0,0,1
1,0,0,0,1,0,0,0,1
1,0,0,0,1,0,0,0,1
1,0,0,0,1,0,0,0,1
1,0,0,0,1,0,0,0,1
1,0,0,0,1,0,0,0,1
1,0,0,0,1,0,0,0,1
1,0,0,0,1,0,0,0,1
1,0,0,0,1,0,0,0,1
1,0,0,0,1,0,0,0,1
1,0,0,0,1,0,0,0,1
1,0,0,0,1,0,0,0,1
1,0,0,0,1,0,0,0,1
1,0,0,0,1,0,0,0,1
1,0,0,0,1,0,0,0,1
1,0,0,0,1,0,0,0,1
1,0,0,0,1,0,0,0,1
1,0,0,0,1,0,0,0,1
1,0,0,0,1,0,0,0,1
1,0,0,0,1,0,0,0,1
1,0,0,0,1,0,0,0,1
1,0,0,0,1,0,0,0,1
1,0,0,0,1,0,0,0,1
1,0,0,0,1,0,0,0,1
1,0,0,0,1,0,0,0,1
1,0,0,0,1,0,0,0,1
1,0,0,0,1,0,0,0,1
1,0,0,0,1,0,0,0,1
1,0,0,0,1,0,0,0,1
1,0,0,0,1,0,0,0,1
1,0,0,0,1,0,0,0,1
1,0,0,0,1,0,0,0,1
1,0,0,0,1,0,0,0,1
1,0,0,0,1,0,0,0,1
1,0,0,0,1,0,0,0,1
1,0,0,0,1,0,0,0,1
1,0,0,0,1,0,0,0,1
1,0,0,0,1,0,0,0,1
1,0,0,0,1,0,0,0,1
1,0,0,0,1,0,0,0,1
1,0,0,0,1,0,0,0,1
1,0,0,0,1,0,0,0,1
1,0,0,0,1,0,0,0,1
1,0,0,0,1,0,0,0,1
1,0,0,0,1,0,0,0,1
1,0,0,0,1,0,0,0,1
1,0,0,0,1,0,0,0,1
1,0,0,0,1,0,0,0,1
1,0,0,0,1,0,0,0,1
1,0,0,0,1,0,0,0,1
1,0,0,0,1,0,0,0,1
1,0,0,0,1,0,0,0,1
1,0,0,0,1,0,0,0,1
1,0,0,0,1,0,0,0,1
1,0,0,0,1,0,0,0,1
1,0,0,0,1,0,0,0,1
1,0,0,0,1,0,0,0,1
1,0,0,0,1,0,0,0,1
1,0,0,0,1,0,0,0,1
1,0,0,0,1,0,0,0,1
1,0,0,0,1,0,0,0,1
1,0,0,0,1,0,0,0,1
1,0,0,0,1,0,0,0,1
1,0,0,0,1,0,0,0,1
1,0,0,0,1,0,0,0,1
1,0,0,0,1,0,0,0,1
1,0,0,0,1,0,0,0,1
1,0,0,0,1,0,0,0,1
1,0,0,0,1,0,0,0,1
1,0,0,0,1,0,0,0,1
1,0,0,0,1,0,0,0,1
1,0,0,0,1,0,0,0,1
1,0,0,0,1,0,0,0,1
1,0,0,0,1,0,0,0,1
1,0,0,0,1,0,0,0,1
1,0,0,0,1,0,0,0,1
1,0,0,0,1,0,0,0,1
1,0,0,0,1,0,0,0,1
1,0,0,0,1,0,0,0,1
1,0,0,0,1,0,0,0,1
1,0,0,0,1,0,0,0,1
1,0,0,0,1,0,0,0,1
1,0,0,0,1,0,0,0,1
1,0,0,0,1,0,0,0,1
1,0,0,0,1,0,0,0,1
1,0,0,0,1,0,0,0,1
1,0,0,0,1,0,0,0,1
1,0,0,0,1,0,0,0,1
1,0,0,0,1,0,0,0,1
1,0,0,0,1,0,0,0,1
1,0,0,0,1,0,0,0,1
1,0,0,0,1,0,0,0,1
1,0,0,0,1,0,0,0,1
1,0,0,0,1,0,0,0,1
1,0,0,0,1,0,0,0,1
1,0,0,0,1,0,0,0,1
1,0,0,0,1,0,0,0,1
1,0,0,0,1,0,0,0,1
1,0,0,0,1,0,0,0,1
1,0,0,0,1,0,0,0,1
1,0,0,0,1,0,0,0,1
1,0,0,0,1,0,0,0,1
1,0,0,0,1,0,0,0,1
1,0,0,0,1,0,0,0,1
1,0,0,0,1,0,0,0,1
1,0,0,0,1,0,0,0,1
1,0,0,0,1,0,0,0,1
1,0,0,0,1,0,0,0,1
1,0,0,0,1,0,0,0,1
1,0,0,0,1,0,0,0,1
1,0,0,0,1,0,0,0,1
1,0,0,0,1,0,0,0,1
1,0,0,0,1,0,0,0,1
1,0,0,0,1,0,0,0,1
1,0,0,0,1,0,0,0,1
1,0,0,0,1,0,0,0,1
1,0,0,0,1,0,0,0,1
1,0,0,0,1,0,0,0,1
1,0,0,0,1,0,0,0,1
1,0,0,0,1,0,0,0,1
1,0,0,0,1,0,0,0,1
1,0,0,0,1,0,0,0,1
1,0,0,0,1,0,0,0,1
1,0,0,0,1,0,0,0,1
1,0,0,0,1,0,0,0,1
1,0,0,0,1,0,0,0,1
1,0,0,0,1,0,0,0,1
1,0,0,0,1,0,0,0,1
1,0,0,0,1,0,0,0,1
1,0,0,0,1,0,0,0,1
1,0,0,0,1,0,0,0,1
1,0,0,0,1,0,0,0,1
1,0,0,0,1,0,0,0,1
1,0,0,0,1,0,0,0,1
1,0,0,0,1,0,0,0,1
1,0,0,0,1,0,0,0,1
1,0,0,0,1,0,0,0,1
1,0,0,0,1,0,0,0,1
1,0,0,0,1,0,0,0,1
1,0,0,0,1,0,0,0,1
1,0,0,0,1,0,0,0,1
1,0,0,0,1,0,0,0,1
1,0,0,0,1,0,0,0,1
1,0,0,0,1,0,0,0,1
1,0,0,0,1,0,0,0,1
1,0,0,0,1,0,0,0,1
1,0,0,0,1,0,0,0,1
1,0,0,0,1,0,0,0,1
1,0,0,0,1,0,0,0,1
1,0,0,0,1,0,0,0,1
1,0,0,0,1,0,0,0,1
1,0,0,0,1,0,0,0,1
1,0,0,0,1,0,0,0,1
1,0,0,0,1,0,0,0,1
1,0,0,0,1,0,0,0,1
1,0,0,0,1,0,0,0,1
1,0,0,0,1,0,0,0,1
1,0,0,0,1,0,0,0,1
1,0,0,0,1,0,0,0,1
1,0,0,0,1,0,0,0,1
1,0,0,0,1,0,0,0,1
1,0,0,0,1,0,0,0,1
1,0,0,0,1,0,0,0,1
1,0,0,0,1,0,0,0,1
1,0,0,0,1,0,0,0,1
1,0,0,0,1,0,0,0,1
1,0,0,0,1,0,0,0,1
1,0,0,0,1,0,0,0,1
1,0,0,0,1,0,0,0,1
1,0,0,0,1,0,0,0,1
1,0,0,0,1,0,0,0,1
1,0,0,0,1,0,0,0,1
1,0,0,0,1,0,0,0,1
1,0,0,0,1,0,0,0,1
1,0,0,0,1,0,0,0,1
1,0,0,0,1,0,0,0,1
1,0,0,0,1,0,0,0,1
1,0,0,0,1,0,0,0,1
1,0,0,0,1,0,0,0,1
1,0,0,0,1,0,0,0,1
1,0,0,0,1,0,0,0,1
1,0,0,0,1,0,0,0,1
1,0,0,0,1,0,0,0,1
1,0,0,0,1,0,0,0,1
1,0,0,0,1,0,0,0,1
1,0,0,0,1,0,0,0,1
1,0,0,0,1,0,0,0,1
1,0,0,0,1,0,0,0,1
1,0,0,0,1,0,0,0,1
1,0,0,0,1,0,0,0,1
1,0,0,0,1,0,0,0,1
1,0,0,0,1,0,0,0,1
1,0,0,0,1,0,0,0,1
1,0,0,0,1,0,0,0,1
1,0,0,0,1,0,0,0,1
1,0,0,0,1,0,0,0,1
1,0,0,0,1,0,0,0,1
1,0,0,0,1,0,0,0,1
1,0,0,0,1,0,0,0,1
1,0,0,0,1,0,0,0,1
1,0,0,0,1,0,0,0,1
1,0,0,0,1,0,0,0,1
1,0,0,0,1,0,0,0,1
1,0,0,0,1,0,0,0,1
1,0,0,0,1,0,0,0,1
1,0,0,0,1,0,0,0,1
1,0,0,0,1,0,0,0,1
1,0,0,0,1,0,0,0,1
1,0,0,0,1,0,0,0,1
1,0,0,0,1,0,0,0,1
1,0,0,0,1,0,0,0,1
1,0,0,0,1,0,0,0,1
1,0,0,0,1,0,0,0,1
1,0,0,0,1,0,0,0,1
1,0,0,0,1,0,0,0,1
1,0,0,0,1,0,0,0,1
1,0,0,0,1,0,0,0,1
1,0,0,0,1,0,0,0,1
1,0,0,0,1,0,0,0,1
1,0,0,0,1,0,0,0,1
1,0,0,0,1,0,0,0,1
1,0,0,0,1,0,0,0,1
1,0,0,0,1,0,0,0,1
1,0,0,0,1,0,0,0,1
1,0,0,0,1,0,0,0,1
1,0,0,0,1,0,0,0,1
1,0,0,0,1,0,0,0,1
1,0,0,0,1,0,0,0,1
1,0,0,0,1,0,0,0,1
1,0,0,0,1,0,0,0,1
1,0,0,0,1,0,0,0,1
1,0,0,0,1,0,0,0,1
1,0,0,0,1,0,0,0,1
1,0,0,0,1,0,0,0,1
1,0,0,0,1,0,0,0,1
1,0,0,0,1,0,0,0,1
1,0,0,0,1,0,0,0,1
1,0,0,0,1,0,0,0,1
1,0,0,0,1,0,0,0,1
1,0,0,0,1,0,0,0,1
1,0,0,0,1,0,0,0,1
1,0,0,0,1,0,0,0,1
1,0,0,0,1,0,0,0,1
1,0,0,0,1,0,0,0,1
1,0,0,0,1,0,0,0,1
1,0,0,0,1,0,0,0,1
1,0,0,0,1,0,0,0,1
1,0,0,0,1,0,0,0,1
1,0,0,0,1,0,0,0,1
1,0,0,0,1,0,0,0,1
1,0,0,0,1,0,0,0,1
1,0,0,0,1,0,0,0,1
1,0,0,0,1,0,0,0,1
1,0,0,0,1,0,0,0,1
1,0,0,0,1,0,0,0,1
1,0,0,0,1,0,0,0,1
1,0,0,0,1,0,0,0,1
1,0,0,0,1,0,0,0,1
1,0,0,0,1,0,0,0,1
1,0,0,0,1,0,0,0,1
1,0,0,0,1,0,0,0,1
1,0,0,0,1,0,0,0,1
1,0,0,0,1,0,0,0,1
1,0,0,0,1,0,0,0,1
1,0,0,0,1,0,0,0,1
1,0,0,0,1,0,0,0,1
1,0,0,0,1,0,0,0,1
1,0,0,0,1,0,0,0,1
1,0,0,0,1,0,0,0,1
1,0,0,0,1,0,0,0,1
1,0,0,0,1,0,0,0,1
1,0,0,0,1,0,0,0,1
1,0,0,0,1,0,0,0,1
1,0,0,0,1,0,0,0,1
1,0,0,0,1,0,0,0,1
1,0,0,0,1,0,0,0,1
1,0,0,0,1,0,0,0,1
1,0,0,0,1,0,0,0,1
1,0,0,0,1,0,0,0,1
1,0,0,0,1,0,0,0,1
1,0,0,0,1,0,0,0,1
1,0,0,0,1,0,0,0,1
1,0,0,0,1,0,0,0,1
1,0,0,0,1,0,0,0,1
1,0,0,0,1,0,0,0,1
1,0,0,0,1,0,0,0,1
1,0,0,0,1,0,0,0,1
1,0,0,0,1,0,0,0,1
1,0,0,0,1,0,0,0,1
1,0,0,0,1,0,0,0,1
1,0,0,0,1,0,0,0,1
1,0,0,0,1,0,0,0,1
1,0,0,0,1,0,0,0,1
1,0,0,0,1,0,0,0,1
1,0,0,0,1,0,0,0,1
1,0,0,0,1,0,0,0,1
1,0,0,0,1,0,0,0,1
1,0,0,0,1,0,0,0,1
1,0,0,0,1,0,0,0,1
1,0,0,0,1,0,0,0,1
1,0,0,0,1,0,0,0,1
1,0,0,0,1,0,0,0,1
1,0,0,0,1,0,0,0,1
1,0,0,0,1,0,0,0,1
1,0,0,0,1,0,0,0,1
1,0,0,0,1,0,0,0,1
1,0,0,0,1,0,0,0,1
1,0,0,0,1,0,0,0,1
1,0,0,0,1,0,0,0,1
1,0,0,0,1,0,0,0,1
1,0,0,0,1,0,0,0,1
1,0,0,0,1,0,0,0,1
1,0,0,0,1,0,0,0,1
1,0,0,0,1,0,0,0,1
1,0,0,0,1,0,0,0,1
1,0,0,0,1,0,0,0,1
1,0,0,0,1,0,0,0,1
1,0,0,0,1,0,0,0,1
1,0,0,0,1,0,0,0,1
1,0,0,0,1,0,0,0,1
1,0,0,0,1,0,0,0,1
1,0,0,0,1,0,0,0,1
1,0,0,0,1,0,0,0,1
1,0,0,0,1,0,0,0,1
1,0,0,0,1,0,0,0,1
1,0,0,0,1,0,0,0,1
1,0,0,0,1,0,0,0,1
1,0,0,0,1,0,0,0,1
1,0,0,0,1,0,0,0,1
1,0,0,0,1,0,0,0,1
1,0,0,0,1,0,0,0,1
1,0,0,0,1,0,0,0,1
1,0,0,0,1,0,0,0,1
1,0,0,0,1,0,0,0,1
1,0,0,0,1,0,0,0,1
1,0,0,0,1,0,0,0,1
1,0,0,0,1,0,0,0,1
1,0,0,0,1,0,0,0,1
1,0,0,0,1,0,0,0,1
1,0,0,0,1,0,0,0,1
1,0,0,0,1,0,0,0,1
1,0,0,0,1,0,0,0,1
1,0,0,0,1,0,0,0,1
1,0,0,0,1,0,0,0,1
1,0,0,0,1,0,0,0,1
1,0,0,0,1,0,0,0,1
1,0,0,0,1,0,0,0,1
1,0,0,0,1,0,0,0,1
1,0,0,0,1,0,0,0,1
1,0,0,0,1,0,0,0,1
1,0,0,0,1,0,0,0,1
1,0,0,0,1,0,0,0,1
1,0,0,0,1,0,0,0,1
1,0,0,0,1,0,0,0,1
1,0,0,0,1,0,0,0,1
1,0,0,0,1,0,0,0,1
1,0,0,0,1,0,0,0,1
1,0,0,0,1,0,0,0,1
1,0,0,0,1,0,0,0,1
1,0,0,0,1,0,0,0,1
1,0,0,0,1,0,0,0,1
1,0,0,0,1,0,0,0,1
1,0,0,0,1,0,0,0,1
1,0,0,0,1,0,0,0,1
1,0,0,0,1,0,0,0,1
1,0,0,0,1,0,0,0,1
1,0,0,0,1,0,0,0,1
1,0,0,0,1,0,0,0,1
1,0,0,0,1,0,0,0,1
1,0,0,0,1,0,0,0,1
1,0,0,0,1,0,0,0,1
1,0,0,0,1,0,0,0,1
1,0,0,0,1,0,0,0,1
1,0,0,0,1,0,0,0,1
1,0,0,0,1,0,0,0,1
1,0,0,0,1,0,0,0,1
1,0,0,0,1,0,0,0,1
1,0,0,0,1,0,0,0,1
1,0,0,0,1,0,0,0,1
1,0,0,0,1,0,0,0,1
1,0,0,0,1,0,0,0,1
1,0,0,0,1,0,0,0,1
1,0,0,0,1,0,0,0,1
1,0,0,0,1,0,0,0,1
1,0,0,0,1,0,0,0,1
1,0,0,0,1,0,0,0,1
1,0,0,0,1,0,0,0,1
1,0,0,0,1,0,0,0,1
1,0,0,0,1,0,0,0,1
1,0,0,0,1,0,0,0,1
1,0,0,0,1,0,0,0,1
1,0,0,0,1,0,0,0,1
1,0,0,0,1,0,0,0,1
1,0,0,0,1,0,0,0,1
1,0,0,0,1,0,0,0,1
1,0,0,0,1,0,0,0,1
1,0,0,0,1,0,0,0,1
1,0,0,0,1,0,0,0,1
1,0,0,0,1,0,0,0,1
1,0,0,0,1,0,0,0,1
1,0,0,0,1,0,0,0,1
1,0,0,0,1,0,0,0,1
1,0,0,0,1,0,0,0,1
1,0,0,0,1,0,0,0,1
1,0,0,0,1,0,0,0,1
1,0,0,0,1,0,0,0,1
1,0,0,0,1,0,0,0,1
1,0,0,0,1,0,0,0,1
1,0,0,0,1,0,0,0,1
1,0,0,0,1,0,0,0,1
1,0,0,0,1,0,0,0,1
1,0,0,0,1,0,0,0,1
1,0,0,0,1,0,0,0,1
1,0,0,0,1,0,0,0,1
1,0,0,0,1,0,0,0,1
1,0,0,0,1,0,0,0,1
1,0,0,0,1,0,0,0,1
1,0,0,0,1,0,0,0,1
1,0,0,0,1,0,0,0,1
1,0,0,0,1,0,0,0,1
1,0,0,0,1,0,0,0,1
1,0,0,0,1,0,0,0,1
1,0,0,0,1,0,0,0,1
1,0,0,0,1,0,0,0,1
1,0,0,0,1,0,0,0,1
1,0,0,0,1,0,0,0,1
1,0,0,0,1,0,0,0,1
1,0,0,0,1,0,0,0,1
1,0,0,0,1,0,0,0,1
1,0,0,0,1,0,0,0,1
1,0,0,0,1,0,0,0,1
1,0,0,0,1,0,0,0,1
1,0,0,0,1,0,0,0,1
1,0,0,0,1,0,0,0,1
1,0,0,0,1,0,0,0,1
1,0,0,0,1,0,0,0,1
1,0,0,0,1,0,0,0,1
1,0,0,0,1,0,0,0,1
1,0,0,0,1,0,0,0,1
1,0,0,0,1,0,0,0,1
1,0,0,0,1,0,0,0,1
1,0,0,0,1,0,0,0,1
1,0,0,0,1,0,0,0,1
1,0,0,0,1,0,0,0,1
1,0,0,0,1,0,0,0,1
1,0,0,0,1,0,0,0,1
1,0,0,0,1,0,0,0,1
1,0,0,0,1,0,0,0,1
1,0,0,0,1,0,0,0,1
1,0,0,0,1,0,0,0,1
1,0,0,0,1,0,0,0,1
1,0,0,0,1,0,0,0,1
1,0,0,0,1,0,0,0,1
1,0,0,0,1,0,0,0,1
1,0,0,0,1,0,0,0,1
1,0,0,0,1,0,0,0,1
1,0,0,0,1,0,0,0,1
1,0,0,0,1,0,0,0,1
1,0,0,0,1,0,0,0,1
1,0,0,0,1,0,0,0,1
1,0,0,0,1,0,0,0,1
1,0,0,0,1,0,0,0,1
1,0,0,0,1,0,0,0,1
1,0,0,0,1,0,0,0,1
1,0,0,0,1,0,0,0,1
1,0,0,0,1,0,0,0,1
1,0,0,0,1,0,0,0,1
1,0,0,0,1,0,0,0,1
1,0,0,0,1,0,0,0,1
1,0,0,0,1,0,0,0,1
1,0,0,0,1,0,0,0,1
1,0,0,0,1,0,0,0,1
1,0,0,0,1,0,0,0,1
1,0,0,0,1,0,0,0,1
1,0,0,0,1,0,0,0,1
1,0,0,0,1,0,0,0,1
1,0,0,0,1,0,0,0,1
1,0,0,0,1,0,0,0,1
1,0,0,0,1,0,0,0,1
1,0,0,0,1,0,0,0,1
1,0,0,0,1,0,0,0,1
1,0,0,0,1,0,0,0,1
1,0,0,0,1,0,0,0,1
1,0,0,0,1,0,0,0,1
1,0,0,0,1,0,0,0,1
1,0,0,0,1,0,0,0,1
1,0,0,0,1,0,0,0,1
1,0,0,0,1,0,0,0,1
1,0,0,0,1,0,0,0,1
1,0,0,0,1,0,0,0,1
1,0,0,0,1,0,0,0,1
1,0,0,0,1,0,0,0,1
1,0,0,0,1,0,0,0,1
1,0,0,0,1,0,0,0,1
1,0,0,0,1,0,0,0,1
1,0,0,0,1,0,0,0,1
1,0,0,0,1,0,0,0,1
1,0,0,0,1,0,0,0,1
1,0,0,0,1,0,0,0,1
1,0,0,0,1,0,0,0,1
1,0,0,0,1,0,0,0,1
1,0,0,0,1,0,0,0,1
1,0,0,0,1,0,0,0,1
1,0,0,0,1,0,0,0,1
1,0,0,0,1,0,0,0,1
1,0,0,0,1,0,0,0,1
1,0,0,0,1,0,0,0,1
1,0,0,0,1,0,0,0,1
1,0,0,0,1,0,0,0,1
1,0,0,0,1,0,0,0,1
1,0,0,0,1,0,0,0,1
1,0,0,0,1,0,0,0,1
1,0,0,0,1,0,0,0,1
1,0,0,0,1,0,0,0,1
1,0,0,0,1,0,0,0,1
1,0,0,0,1,0,0,0,1
1,0,0,0,1,0,0,0,1
1,0,0,0,1,0,0,0,1
1,0,0,0,1,0,0,0,1
1,0,0,0,1,0,0,0,1
1,0,0,0,1,0,0,0,1
1,0,0,0,1,0,0,0,1
1,0,0,0,1,0,0,0,1
1,0,0,0,1,0,0,0,1
1,0,0,0,1,0,0,0,1
1,0,0,0,1,0,0,0,1
1,0,0,0,1,0,0,0,1
1,0,0,0,1,0,0,0,1
1,0,0,0,1,0,0,0,1
1,0,0,0,1,0,0,0,1
1,0,0,0,1,0,0,0,1
1,0,0,0,1,0,0,0,1
1,0,0,0,1,0,0,0,1
1,0,0,0,1,0,0,0,1
1,0,0,0,1,0,0,0,1
1,0,0,0,1,0,0,0,1
1,0,0,0,1,0,0,0,1
1,0,0,0,1,0,0,0,1
1,0,0,0,1,0,0,0,1
1,0,0,0,1,0,0,0,1
1,0,0,0,1,0,0,0,1
1,0,0,0,1,0,0,0,1
1,0,0,0,1,0,0,0,1
1,0,0,0,1,0,0,0,1
1,0,0,0,1,0,0,0,1
1,0,0,0,1,0,0,0,1
1,0,0,0,1,0,0,0,1
1,0,0,0,1,0,0,0,1
1,0,0,0,1,0,0,0,1
1,0,0,0,1,0,0,0,1
1,0,0,0,1,0,0,0,1
1,0,0,0,1,0,0,0,1
1,0,0,0,1,0,0,0,1
1,0,0,0,1,0,0,0,1
1,0,0,0,1,0,0,0,1
1,0,0,0,1,0,0,0,1
1,0,0,0,1,0,0,0,1
1,0,0,0,1,0,0,0,1
1,0,0,0,1,0,0,0,1
1,0,0,0,1,0,0,0,1
1,0,0,0,1,0,0,0,1
1,0,0,0,1,0,0,0,1
1,0,0,0,1,0,0,0,1
1,0,0,0,1,0,0,0,1
1,0,0,0,1,0,0,0,1
1,0,0,0,1,0,0,0,1
1,0,0,0,1,0,0,0,1
1,0,0,0,1,0,0,0,1
1,0,0,0,1,0,0,0,1
1,0,0,0,1,0,0,0,1
1,0,0,0,1,0,0,0,1
1,0,0,0,1,0,0,0,1
1,0,0,0,1,0,0,0,1
1,0,0,0,1,0,0,0,1
1,0,0,0,1,0,0,0,1
1,0,0,0,1,0,0,0,1
1,0,0,0,1,0,0,0,1
1,0,0,0,1,0,0,0,1
1,0,0,0,1,0,0,0,1
1,0,0,0,1,0,0,0,1
1,0,0,0,1,0,0,0,1
1,0,0,0,1,0,0,0,1
1,0,0,0,1,0,0,0,1
1,0,0,0,1,0,0,0,1
1,0,0,0,1,0,0,0,1
1,0,0,0,1,0,0,0,1
1,0,0,0,1,0,0,0,1
1,0,0,0,1,0,0,0,1
1,0,0,0,1,0,0,0,1
1,0,0,0,1,0,0,0,1
1,0,0,0,1,0,0,0,1
1,0,0,0,1,0,0,0,1
1,0,0,0,1,0,0,0,1
1,0,0,0,1,0,0,0,1
1,0,0,0,1,0,0,0,1
1,0,0,0,1,0,0,0,1
1,0,0,0,1,0,0,0,1
1,0,0,0,1,0,0,0,1
1,0,0,0,1,0,0,0,1
1,0,0,0,1,0,0,0,1
1,0,0,0,1,0,0,0,1
1,0,0,0,1,0,0,0,1
1,0,0,0,1,0,0,0,1
1,0,0,0,1,0,0,0,1
1,0,0,0,1,0,0,0,1
1,0,0,0,1,0,0,0,1
1,0,0,0,1,0,0,0,1
1,0,0,0,1,0,0,0,1
1,0,0,0,1,0,0,0,1
1,0,0,0,1,0,0,0,1
1,0,0,0,1,0,0,0,1
1,0,0,0,1,0,0,0,1
1,0,0,0,1,0,0,0,1
1,0,0,0,1,0,0,0,1
1,0,0,0,1,0,0,0,1
1,0,0,0,1,0,0,0,1
1,0,0,0,1,0,0,0,1
1,0,0,0,1,0,0,0,1
1,0,0,0,1,0,0,0,1
1,0,0,0,1,0,0,0,1
1,0,0,0,1,0,0,0,1
1,0,0,0,1,0,0,0,1
1,0,0,0,1,0,0,0,1
1,0,0,0,1,0,0,0,1
1,0,0,0,1,0,0,0,1
1,0,0,0,1,0,0,0,1
1,0,0,0,1,0,0,0,1
1,0,0,0,1,0,0,0,1
1,0,0,0,1,0,0,0,1
1,0,0,0,1,0,0,0,1
1,0,0,0,1,0,0,0,1
1,0,0,0,1,0,0,0,1
1,0,0,0,1,0,0,0,1
1,0,0,0,1,0,0,0,1
1,0,0,0,1,0,0,0,1
1,0,0,0,1,0,0,0,1
1,0,0,0,1,0,0,0,1
1,0,0,0,1,0,0,0,1
1,0,0,0,1,0,0,0,1
1,0,0,0,1,0,0,0,1
1,0,0,0,1,0,0,0,1
1,0,0,0,1,0,0,0,1
1,0,0,0,1,0,0,0,1
1,0,0,0,1,0,0,0,1
1,0,0,0,1,0,0,0,1
1,0,0,0,1,0,0,0,1
1,0,0,0,1,0,0,0,1
1,0,0,0,1,0,0,0,1
1,0,0,0,1,0,0,0,1
1,0,0,0,1,0,0,0,1
1,0,0,0,1,0,0,0,1
1,0,0,0,1,0,0,0,1
1,0,0,0,1,0,0,0,1
1,0,0,0,1,0,0,0,1
1,0,0,0,1,0,0,0,1
1,0,0,0,1,0,0,0,1
1,0,0,0,1,0,0,0,1
1,0,0,0,1,0,0,0,1
1,0,0,0,1,0,0,0,1
1,0,0,0,1,0,0,0,1
1,0,0,0,1,0,0,0,1
1,0,0,0,1,0,0,0,1
1,0,0,0,1,0,0,0,1
1,0,0,0,1,0,0,0,1
1,0,0,0,1,0,0,0,1
1,0,0,0,1,0,0,0,1
1,0,0,0,1,0,0,0,1
1,0,0,0,1,0,0,0,1
1,0,0,0,1,0,0,0,1
1,0,0,0,1,0,0,0,1
1,0,0,0,1,0,0,0,1
1,0,0,0,1,0,0,0,1
1,0,0,0,1,0,0,0,1
1,0,0,0,1,0,0,0,1
1,0,0,0,1,0,0,0,1
1,0,0,0,1,0,0,0,1
1,0,0,0,1,0,0,0,1
1,0,0,0,1,0,0,0,1
1,0,0,0,1,0,0,0,1
1,0,0,0,1,0,0,0,1
1,0,0,0,1,0,0,0,1
1,0,0,0,1,0,0,0,1
1,0,0,0,1,0,0,0,1
1,0,0,0,1,0,0,0,1
1,0,0,0,1,0,0,0,1
1,0,0,0,1,0,0,0,1
1,0,0,0,1,0,0,0,1
1,0,0,0,1,0,0,0,1
1,0,0,0,1,0,0,0,1
1,0,0,0,1,0,0,0,1
1,0,0,0,1,0,0,0,1
1,0,0,0,1,0,0,0,1
1,0,0,0,1,0,0,0,1
1,0,0,0,1,0,0,0,1
1,0,0,0,1,0,0,0,1
1,0,0,0,1,0,0,0,1
1,0,0,0,1,0,0,0,1
1,0,0,0,1,0,0,0,1
1,0,0,0,1,0,0,0,1
1,0,0,0,1,0,0,0,1
1,0,0,0,1,0,0,0,1
1,0,0,0,1,0,0,0,1
1,0,0,0,1,0,0,0,1
1,0,0,0,1,0,0,0,1
1,0,0,0,1,0,0,0,1
1,0,0,0,1,0,0,0,1
1,0,0,0,1,0,0,0,1
1,0,0,0,1,0,0,0,1
1,0,0,0,1,0,0,0,1
1,0,0,0,1,0,0,0,1
1,0,0,0,1,0,0,0,1
1,0,0,0,1,0,0,0,1
1,0,0,0,1,0,0,0,1
1,0,0,0,1,0,0,0,1
1,0,0,0,1,0,0,0,1
1,0,0,0,1,0,0,0,1
1,0,0,0,1,0,0,0,1
1,0,0,0,1,0,0,0,1
1,0,0,0,1,0,0,0,1
1,0,0,0,1,0,0,0,1
1,0,0,0,1,0,0,0,1
1,0,0,0,1,0,0,0,1
1,0,0,0,1,0,0,0,1
1,0,0,0,1,0,0,0,1
1,0,0,0,1,0,0,0,1
1,0,0,0,1,0,0,0,1
1,0,0,0,1,0,0,0,1
1,0,0,0,1,0,0,0,1
1,0,0,0,1,0,0,0,1
1,0,0,0,1,0,0,0,1
1,0,0,0,1,0,0,0,1
1,0,0,0,1,0,0,0,1
1,0,0,0,1,0,0,0,1
1,0,0,0,1,0,0,0,1
1,0,0,0,1,0,0,0,1
1,0,0,0,1,0,0,0,1
1,0,0,0,1,0,0,0,1
1,0,0,0,1,0,0,0,1
1,0,0,0,1,0,0,0,1
1,0,0,0,1,0,0,0,1
1,0,0,0,1,0,0,0,1
1,0,0,0,1,0,0,0,1
1,0,0,0,1,0,0,0,1
1,0,0,0,1,0,0,0,1
1,0,0,0,1,0,0,0,1
1,0,0,0,1,0,0,0,1
1,0,0,0,1,0,0,0,1
1,0,0,0,1,0,0,0,1
1,0,0,0,1,0,0,0,1
1,0,0,0,1,0,0,0,1
1,0,0,0,1,0,0,0,1
1,0,0,0,1,0,0,0,1
1,0,0,0,1,0,0,0,1
1,0,0,0,1,0,0,0,1
1,0,0,0,1,0,0,0,1
1,0,0,0,1,0,0,0,1
1,0,0,0,1,0,0,0,1
1,0,0,0,1,0,0,0,1
1,0,0,0,1,0,0,0,1
1,0,0,0,1,0,0,0,1
1,0,0,0,1,0,0,0,1
1,0,0,0,1,0,0,0,1
1,0,0,0,1,0,0,0,1
1,0,0,0,1,0,0,0,1
1,0,0,0,1,0,0,0,1
1,0,0,0,1,0,0,0,1
1,0,0,0,1,0,0,0,1
1,0,0,0,1,0,0,0,1
1,0,0,0,1,0,0,0,1
1,0,0,0,1,0,0,0,1
1,0,0,0,1,0,0,0,1
1,0,0,0,1,0,0,0,1
1,0,0,0,1,0,0,0,1
1,0,0,0,1,0,0,0,1
1,0,0,0,1,0,0,0,1
1,0,0,0,1,0,0,0,1
1,0,0,0,1,0,0,0,1
1,0,0,0,1,0,0,0,1
1,0,0,0,1,0,0,0,1
1,0,0,0,1,0,0,0,1
1,0,0,0,1,0,0,0,1
1,0,0,0,1,0,0,0,1
1,0,0,0,1,0,0,0,1
1,0,0,0,1,0,0,0,1
1,0,0,0,1,0,0,0,1
1,0,0,0,1,0,0,0,1
1,0,0,0,1,0,0,0,1
1,0,0,0,1,0,0,0,1
1,0,0,0,1,0,0,0,1
1,0,0,0,1,0,0,0,1
1,0,0,0,1,0,0,0,1
1,0,0,0,1,0,0,0,1
1,0,0,0,1,0,0,0,1
1,0,0,0,1,0,0,0,1
1,0,0,0,1,0,0,0,1
1,0,0,0,1,0,0,0,1
1,0,0,0,1,0,0,0,1
1,0,0,0,1,0,0,0,1
1,0,0,0,1,0,0,0,1
1,0,0,0,1,0,0,0,1
1,0,0,0,1,0,0,0,1
1,0,0,0,1,0,0,0,1
1,0,0,0,1,0,0,0,1
1,0,0,0,1,0,0,0,1
1,0,0,0,1,0,0,0,1
1,0,0,0,1,0,0,0,1
1,0,0,0,1,0,0,0,1
1,0,0,0,1,0,0,0,1
1,0,0,0,1,0,0,0,1
1,0,0,0,1,0,0,0,1
1,0,0,0,1,0,0,0,1
1,0,0,0,1,0,0,0,1
1,0,0,0,1,0,0,0,1
1,0,0,0,1,0,0,0,1
1,0,0,0,1,0,0,0,1
1,0,0,0,1,0,0,0,1
1,0,0,0,1,0,0,0,1
1,0,0,0,1,0,0,0,1
1,0,0,0,1,0,0,0,1
1,0,0,0,1,0,0,0,1
1,0,0,0,1,0,0,0,1
1,0,0,0,1,0,0,0,1
1,0,0,0,1,0,0,0,1
1,0,0,0,1,0,0,0,1
1,0,0,0,1,0,0,0,1
1,0,0,0,1,0,0,0,1
1,0,0,0,1,0,0,0,1
1,0,0,0,1,0,0,0,1
1,0,0,0,1,0,0,0,1
1,0,0,0,1,0,0,0,1
1,0,0,0,1,0,0,0,1
1,0,0,0,1,0,0,0,1
1,0,0,0,1,0,0,0,1
1,0,0,0,1,0,0,0,1
1,0,0,0,1,0,0,0,1
1,0,0,0,1,0,0,0,1
1,0,0,0,1,0,0,0,1
1,0,0,0,1,0,0,0,1
1,0,0,0,1,0,0,0,1
1,0,0,0,1,0,0,0,1
1,0,0,0,1,0,0,0,1
1,0,0,0,1,0,0,0,1
1,0,0,0,1,0,0,0,1
1,0,0,0,1,0,0,0,1
1,0,0,0,1,0,0,0,1
1,0,0,0,1,0,0,0,1
1,0,0,0,1,0,0,0,1
1,0,0,0,1,0,0,0,1
1,0,0,0,1,0,0,0,1
1,0,0,0,1,0,0,0,1
1,0,0,0,1,0,0,0,1
1,0,0,0,1,0,0,0,1
1,0,0,0,1,0,0,0,1
1,0,0,0,1,0,0,0,1
1,0,0,0,1,0,0,0,1
1,0,0,0,1,0,0,0,1
1,0,0,0,1,0,0,0,1
1,0,0,0,1,0,0,0,1
1,0,0,0,1,0,0,0,1
1,0,0,0,1,0,0,0,1
1,0,0,0,1,0,0,0,1
1,0,0,0,1,0,0,0,1
1,0,0,0,1,0,0,0,1
1,0,0,0,1,0,0,0,1
1,0,0,0,1,0,0,0,1
1,0,0,0,1,0,0,0,1
1,0,0,0,1,0,0,0,1
1,0,0,0,1,0,0,0,1
1,0,0,0,1,0,0,0,1
1,0,0,0,1,0,0,0,1
1,0,0,0,1,0,0,0,1
1,0,0,0,1,0,0,0,1
1,0,0,0,1,0,0,0,1
1,0,0,0,1,0,0,0,1
1,0,0,0,1,0,0,0,1
1,0,0,0,1,0,0,0,1
1,0,0,0,1,0,0,0,1
1,0,0,0,1,0,0,0,1
1,0,0,0,1,0,0,0,1
1,0,0,0,1,0,0,0,1
1,0,0,0,1,0,0,0,1
1,0,0,0,1,0,0,0,1
1,0,0,0,1,0,0,0,1
1,0,0,0,1,0,0,0,1
1,0,0,0,1,0,0,0,1
1,0,0,0,1,0,0,0,1
1,0,0,0,1,0,0,0,1
1,0,0,0,1,0,0,0,1
1,0,0,0,1,0,0,0,1
1,0,0,0,1,0,0,0,1
1,0,0,0,1,0,0,0,1
1,0,0,0,1,0,0,0,1
1,0,0,0,1,0,0,0,1
1,0,0,0,1,0,0,0,1
1,0,0,0,1,0,0,0,1
1,0,0,0,1,0,0,0,1
1,0,0,0,1,0,0,0,1
1,0,0,0,1,0,0,0,1
1,0,0,0,1,0,0,0,1
1,0,0,0,1,0,0,0,1
1,0,0,0,1,0,0,0,1
1,0,0,0,1,0,0,0,1
1,0,0,0,1,0,0,0,1
1,0,0,0,1,0,0,0,1
1,0,0,0,1,0,0,0,1
1,0,0,0,1,0,0,0,1
1,0,0,0,1,0,0,0,1
1,0,0,0,1,0,0,0,1
1,0,0,0,1,0,0,0,1
1,0,0,0,1,0,0,0,1
1,0,0,0,1,0,0,0,1
1,0,0,0,1,0,0,0,1
1,0,0,0,1,0,0,0,1
1,0,0,0,1,0,0,0,1
1,0,0,0,1,0,0,0,1
1,0,0,0,1,0,0,0,1
1,0,0,0,1,0,0,0,1
1,0,0,0,1,0,0,0,1
1,0,0,0,1,0,0,0,1
1,0,0,0,1,0,0,0,1
1,0,0,0,1,0,0,0,1
1,0,0,0,1,0,0,0,1
1,0,0,0,1,0,0,0,1
1,0,0,0,1,0,0,0,1
1,0,0,0,1,0,0,0,1
1,0,0,0,1,0,0,0,1
1,0,0,0,1,0,0,0,1
1,0,0,0,1,0,0,0,1
1,0,0,0,1,0,0,0,1
1,0,0,0,1,0,0,0,1
1,0,0,0,1,0,0,0,1
1,0,0,0,1,0,0,0,1
1,0,0,0,1,0,0,0,1
1,0,0,0,1,0,0,0,1
1,0,0,0,1,0,0,0,1
1,0,0,0,1,0,0,0,1
1,0,0,0,1,0,0,0,1
1,0,0,0,1,0,0,0,1
1,0,0,0,1,0,0,0,1
1,0,0,0,1,0,0,0,1
1,0,0,0,1,0,0,0,1
1,0,0,0,1,0,0,0,1
1,0,0,0,1,0,0,0,1
1,0,0,0,1,0,0,0,1
1,0,0,0,1,0,0,0,1
1,0,0,0,1,0,0,0,1
1,0,0,0,1,0,0,0,1
1,0,0,0,1,0,0,0,1
1,0,0,0,1,0,0,0,1
1,0,0,0,1,0,0,0,1
1,0,0,0,1,0,0,0,1
1,0,0,0,1,0,0,0,1
1,0,0,0,1,0,0,0,1
1,0,0,0,1,0,0,0,1
1,0,0,0,1,0,0,0,1
1,0,0,0,1,0,0,0,1
1,0,0,0,1,0,0,0,1
1,0,0,0,1,0,0,0,1
1,0,0,0,1,0,0,0,1
1,0,0,0,1,0,0,0,1
1,0,0,0,1,0,0,0,1
1,0,0,0,1,0,0,0,1
1,0,0,0,1,0,0,0,1
1,0,0,0,1,0,0,0,1
1,0,0,0,1,0,0,0,1
1,0,0,0,1,0,0,0,1
1,0,0,0,1,0,0,0,1
1,0,0,0,1,0,0,0,1
1,0,0,0,1,0,0,0,1
1,0,0,0,1,0,0,0,1
1,0,0,0,1,0,0,0,1
1,0,0,0,1,0,0,0,1
1,0,0,0,1,0,0,0,1
1,0,0,0,1,0,0,0,1
1,0,0,0,1,0,0,0,1
1,0,0,0,1,0,0,0,1
1,0,0,0,1,0,0,0,1
1,0,0,0,1,0,0,0,1
1,0,0,0,1,0,0,0,1
1,0,0,0,1,0,0,0,1
1,0,0,0,1,0,0,0,1
1,0,0,0,1,0,0,0,1
1,0,0,0,1,0,0,0,1
1,0,0,0,1,0,0,0,1
1,0,0,0,1,0,0,0,1
1,0,0,0,1,0,0,0,1
1,0,0,0,1,0,0,0,1
1,0,0,0,1,0,0,0,1
1,0,0,0,1,0,0,0,1
1,0,0,0,1,0,0,0,1
1,0,0,0,1,0,0,0,1
1,0,0,0,1,0,0,0,1
1,0,0,0,1,0,0,0,1
1,0,0,0,1,0,0,0,1
1,0,0,0,1,0,0,0,1
1,0,0,0,1,0,0,0,1
1,0,0,0,1,0,0,0,1
1,0,0,0,1,0,0,0,1
1,0,0,0,1,0,0,0,1
1,0,0,0,1,0,0,0,1
1,0,0,0,1,0,0,0,1
1,0,0,0,1,0,0,0,1
1,0,0,0,1,0,0,0,1
1,0,0,0,1,0,0,0,1
1,0,0,0,1,0,0,0,1
1,0,0,0,1,0,0,0,1
1,0,0,0,1,0,0,0,1
1,0,0,0,1,0,0,0,1
1,0,0,0,1,0,0,0,1
1,0,0,0,1,0,0,0,1
1,0,0,0,1,0,0,0,1
1,0,0,0,1,0,0,0,1
1,0,0,0,1,0,0,0,1
1,0,0,0,1,0,0,0,1
1,0,0,0,1,0,0,0,1
1,0,0,0,1,0,0,0,1
1,0,0,0,1,0,0,0,1
1,0,0,0,1,0,0,0,1
1,0,0,0,1,0,0,0,1
1,0,0,0,1,0,0,0,1
1,0,0,0,1,0,0,0,1
1,0,0,0,1,0,0,0,1
1,0,0,0,1,0,0,0,1
1,0,0,0,1,0,0,0,1
1,0,0,0,1,0,0,0,1
1,0,0,0,1,0,0,0,1
1,0,0,0,1,0,0,0,1
1,0,0,0,1,0,0,0,1
1,0,0,0,1,0,0,0,1
1,0,0,0,1,0,0,0,1
1,0,0,0,1,0,0,0,1
1,0,0,0,1,0,0,0,1
1,0,0,0,1,0,0,0,1
1,0,0,0,1,0,0,0,1
1,0,0,0,1,0,0,0,1
1,0,0,0,1,0,0,0,1
1,0,0,0,1,0,0,0,1
1,0,0,0,1,0,0,0,1
1,0,0,0,1,0,0,0,1
1,0,0,0,1,0,0,0,1
1,0,0,0,1,0,0,0,1
1,0,0,0,1,0,0,0,1
1,0,0,0,1,0,0,0,1
1,0,0,0,1,0,0,0,1
1,0,0,0,1,0,0,0,1
1,0,0,0,1,0,0,0,1
1,0,0,0,1,0,0,0,1
1,0,0,0,1,0,0,0,1
1,0,0,0,1,0,0,0,1
1,0,0,0,1,0,0,0,1
1,0,0,0,1,0,0,0,1
1,0,0,0,1,0,0,0,1
1,0,0,0,1,0,0,0,1
1,0,0,0,1,0,0,0,1
1,0,0,0,1,0,0,0,1
1,0,0,0,1,0,0,0,1
1,0,0,0,1,0,0,0,1
1,0,0,0,1,0,0,0,1
1,0,0,0,1,0,0,0,1
1,0,0,0,1,0,0,0,1
1,0,0,0,1,0,0,0,1
1,0,0,0,1,0,0,0,1
1,0,0,0,1,0,0,0,1
1,0,0,0,1,0,0,0,1
1,0,0,0,1,0,0,0,1
1,0,0,0,1,0,0,0,1
1,0,0,0,1,0,0,0,1
1,0,0,0,1,0,0,0,1
1,0,0,0,1,0,0,0,1
1,0,0,0,1,0,0,0,1
1,0,0,0,1,0,0,0,1
1,0,0,0,1,0,0,0,1
1,0,0,0,1,0,0,0,1
1,0,0,0,1,0,0,0,1
1,0,0,0,1,0,0,0,1
1,0,0,0,1,0,0,0,1
1,0,0,0,1,0,0,0,1
1,0,0,0,1,0,0,0,1
1,0,0,0,1,0,0,0,1
1,0,0,0,1,0,0,0,1
1,0,0,0,1,0,0,0,1
1,0,0,0,1,0,0,0,1
1,0,0,0,1,0,0,0,1
1,0,0,0,1,0,0,0,1
1,0,0,0,1,0,0,0,1
1,0,0,0,1,0,0,0,1
1,0,0,0,1,0,0,0,1
1,0,0,0,1,0,0,0,1
1,0,0,0,1,0,0,0,1
1,0,0,0,1,0,0,0,1
1,0,0,0,1,0,0,0,1
1,0,0,0,1,0,0,0,1
1,0,0,0,1,0,0,0,1
1,0,0,0,1,0,0,0,1
1,0,0,0,1,0,0,0,1
1,0,0,0,1,0,0,0,1
1,0,0,0,1,0,0,0,1
1,0,0,0,1,0,0,0,1
1,0,0,0,1,0,0,0,1
1,0,0,0,1,0,0,0,1
1,0,0,0,1,0,0,0,1
1,0,0,0,1,0,0,0,1
1,0,0,0,1,0,0,0,1
1,0,0,0,1,0,0,0,1
1,0,0,0,1,0,0,0,1
1,0,0,0,1,0,0,0,1
1,0,0,0,1,0,0,0,1
1,0,0,0,1,0,0,0,1
1,0,0,0,1,0,0,0,1
1,0,0,0,1,0,0,0,1
1,0,0,0,1,0,0,0,1
1,0,0,0,1,0,0,0,1
1,0,0,0,1,0,0,0,1
1,0,0,0,1,0,0,0,1
1,0,0,0,1,0,0,0,1
1,0,0,0,1,0,0,0,1
1,0,0,0,1,0,0,0,1
1,0,0,0,1,0,0,0,1
1,0,0,0,1,0,0,0,1
1,0,0,0,1,0,0,0,1
1,0,0,0,1,0,0,0,1
1,0,0,0,1,0,0,0,1
1,0,0,0,1,0,0,0,1
1,0,0,0,1,0,0,0,1
1,0,0,0,1,0,0,0,1
1,0,0,0,1,0,0,0,1
1,0,0,0,1,0,0,0,1
1,0,0,0,1,0,0,0,1
1,0,0,0,1,0,0,0,1
1,0,0,0,1,0,0,0,1
1,0,0,0,1,0,0,0,1
1,0,0,0,1,0,0,0,1
1,0,0,0,1,0,0,0,1
1,0,0,0,1,0,0,0,1
1,0,0,0,1,0,0,0,1
1,0,0,0,1,0,0,0,1
1,0,0,0,1,0,0,0,1
1,0,0,0,1,0,0,0,1
1,0,0,0,1,0,0,0,1
1,0,0,0,1,0,0,0,1
1,0,0,0,1,0,0,0,1
1,0,0,0,1,0,0,0,1
1,0,0,0,1,0,0,0,1
1,0,0,0,1,0,0,0,1
1,0,0,0,1,0,0,0,1
1,0,0,0,1,0,0,0,1
1,0,0,0,1,0,0,0,1
1,0,0,0,1,0,0,0,1
1,0,0,0,1,0,0,0,1
1,0,0,0,1,0,0,0,1
1,0,0,0,1,0,0,0,1
1,0,0,0,1,0,0,0,1
1,0,0,0,1,0,0,0,1
1,0,0,0,1,0,0,0,1
1,0,0,0,1,0,0,0,1
1,0,0,0,1,0,0,0,1
1,0,0,0,1,0,0,0,1
1,0,0,0,1,0,0,0,1
1,0,0,0,1,0,0,0,1
1,0,0,0,1,0,0,0,1
1,0,0,0,1,0,0,0,1
1,0,0,0,1,0,0,0,1
1,0,0,0,1,0,0,0,1
1,0,0,0,1,0,0,0,1
1,0,0,0,1,0,0,0,1
1,0,0,0,1,0,0,0,1
1,0,0,0,1,0,0,0,1
1,0,0,0,1,0,0,0,1
1,0,0,0,1,0,0,0,1
1,0,0,0,1,0,0,0,1
1,0,0,0,1,0,0,0,1
1,0,0,0,1,0,0,0,1
1,0,0,0,1,0,0,0,1
1,0,0,0,1,0,0,0,1
1,0,0,0,1,0,0,0,1
1,0,0,0,1,0,0,0,1
1,0,0,0,1,0,0,0,1
1,0,0,0,1,0,0,0,1
1,0,0,0,1,0,0,0,1
1,0,0,0,1,0,0,0,1
1,0,0,0,1,0,0,0,1
1,0,0,0,1,0,0,0,1
1,0,0,0,1,0,0,0,1
1,0,0,0,1,0,0,0,1
1,0,0,0,1,0,0,0,1
1,0,0,0,1,0,0,0,1
1,0,0,0,1,0,0,0,1
1,0,0,0,1,0,0,0,1
1,0,0,0,1,0,0,0,1
1,0,0,0,1,0,0,0,1
1,0,0,0,1,0,0,0,1
1,0,0,0,1,0,0,0,1
1,0,0,0,1,0,0,0,1
1,0,0,0,1,0,0,0,1
1,0,0,0,1,0,0,0,1
1,0,0,0,1,0,0,0,1
1,0,0,0,1,0,0,0,1
1,0,0,0,1,0,0,0,1
1,0,0,0,1,0,0,0,1
1,0,0,0,1,0,0,0,1
1,0,0,0,1,0,0,0,1
1,0,0,0,1,0,0,0,1
1,0,0,0,1,0,0,0,1
1,0,0,0,1,0,0,0,1
1,0,0,0,1,0,0,0,1
1,0,0,0,1,0,0,0,1
1,0,0,0,1,0,0,0,1
1,0,0,0,1,0,0,0,1
1,0,0,0,1,0,0,0,1
1,0,0,0,1,0,0,0,1
1,0,0,0,1,0,0,0,1
1,0,0,0,1,0,0,0,1
1,0,0,0,1,0,0,0,1
1,0,0,0,1,0,0,0,1
1,0,0,0,1,0,0,0,1
1,0,0,0,1,0,0,0,1
1,0,0,0,1,0,0,0,1
1,0,0,0,1,0,0,0,1
1,0,0,0,1,0,0,0,1
1,0,0,0,1,0,0,0,1
1,0,0,0,1,0,0,0,1
1,0,0,0,1,0,0,0,1
1,0,0,0,1,0,0,0,1
1,0,0,0,1,0,0,0,1
1,0,0,0,1,0,0,0,1
1,0,0,0,1,0,0,0,1
1,0,0,0,1,0,0,0,1
1,0,0,0,1,0,0,0,1
1,0,0,0,1,0,0,0,1
1,0,0,0,1,0,0,0,1
1,0,0,0,1,0,0,0,1
1,0,0,0,1,0,0,0,1
1,0,0,0,1,0,0,0,1
1,0,0,0,1,0,0,0,1
1,0,0,0,1,0,0,0,1
1,0,0,0,1,0,0,0,1
1,0,0,0,1,0,0,0,1
1,0,0,0,1,0,0,0,1
1,0,0,0,1,0,0,0,1
1,0,0,0,1,0,0,0,1
1,0,0,0,1,0,0,0,1
1,0,0,0,1,0,0,0,1
1,0,0,0,1,0,0,0,1
1,0,0,0,1,0,0,0,1
1,0,0,0,1,0,0,0,1
1,0,0,0,1,0,0,0,1
1,0,0,0,1,0,0,0,1
1,0,0,0,1,0,0,0,1
1,0,0,0,1,0,0,0,1
1,0,0,0,1,0,0,0,1
1,0,0,0,1,0,0,0,1
1,0,0,0,1,0,0,0,1
1,0,0,0,1,0,0,0,1
1,0,0,0,1,0,0,0,1
1,0,0,0,1,0,0,0,1
1,0,0,0,1,0,0,0,1
1,0,0,0,1,0,0,0,1
1,0,0,0,1,0,0,0,1
1,0,0,0,1,0,0,0,1
1,0,0,0,1,0,0,0,1
1,0,0,0,1,0,0,0,1
1,0,0,0,1,0,0,0,1
1,0,0,0,1,0,0,0,1
1,0,0,0,1,0,0,0,1
1,0,0,0,1,0,0,0,1
1,0,0,0,1,0,0,0,1
1,0,0,0,1,0,0,0,1
1,0,0,0,1,0,0,0,1
1,0,0,0,1,0,0,0,1
1,0,0,0,1,0,0,0,1
1,0,0,0,1,0,0,0,1
1,0,0,0,1,0,0,0,1
1,0,0,0,1,0,0,0,1
1,0,0,0,1,0,0,0,1
1,0,0,0,1,0,0,0,1
1,0,0,0,1,0,0,0,1
1,0,0,0,1,0,0,0,1
1,0,0,0,1,0,0,0,1
1,0,0,0,1,0,0,0,1
1,0,0,0,1,0,0,0,1
1,0,0,0,1,0,0,0,1
1,0,0,0,1,0,0,0,1
1,0,0,0,1,0,0,0,1
1,0,0,0,1,0,0,0,1
1,0,0,0,1,0,0,0,1
1,0,0,0,1,0,0,0,1
1,0,0,0,1,0,0,0,1
1,0,0,0,1,0,0,0,1
1,0,0,0,1,0,0,0,1
1,0,0,0,1,0,0,0,1
1,0,0,0,1,0,0,0,1
1,0,0,0,1,0,0,0,1
1,0,0,0,1,0,0,0,1
1,0,0,0,1,0,0,0,1
1,0,0,0,1,0,0,0,1
1,0,0,0,1,0,0,0,1
1,0,0,0,1,0,0,0,1
1,0,0,0,1,0,0,0,1
1,0,0,0,1,0,0,0,1
1,0,0,0,1,0,0,0,1
1,0,0,0,1,0,0,0,1
1,0,0,0,1,0,0,0,1
1,0,0,0,1,0,0,0,1
1,0,0,0,1,0,0,0,1
1,0,0,0,1,0,0,0,1
1,0,0,0,1,0,0,0,1
1,0,0,0,1,0,0,0,1
1,0,0,0,1,0,0,0,1
1,0,0,0,1,0,0,0,1
1,0,0,0,1,0,0,0,1
1,0,0,0,1,0,0,0,1
1,0,0,0,1,0,0,0,1
1,0,0,0,1,0,0,0,1
1,0,0,0,1,0,0,0,1
1,0,0,0,1,0,0,0,1
1,0,0,0,1,0,0,0,1
1,0,0,0,1,0,0,0,1
1,0,0,0,1,0,0,0,1
1,0,0,0,1,0,0,0,1
1,0,0,0,1,0,0,0,1
1,0,0,0,1,0,0,0,1
1,0,0,0,1,0,0,0,1
1,0,0,0,1,0,0,0,1
1,0,0,0,1,0,0,0,1
1,0,0,0,1,0,0,0,1
1,0,0,0,1,0,0,0,1
1,0,0,0,1,0,0,0,1
1,0,0,0,1,0,0,0,1
1,0,0,0,1,0,0,0,1
1,0,0,0,1,0,0,0,1
1,0,0,0,1,0,0,0,1
1,0,0,0,1,0,0,0,1
1,0,0,0,1,0,0,0,1
1,0,0,0,1,0,0,0,1
1,0,0,0,1,0,0,0,1
1,0,0,0,1,0,0,0,1
1,0,0,0,1,0,0,0,1
1,0,0,0,1,0,0,0,1
1,0,0,0,1,0,0,0,1
1,0,0,0,1,0,0,0,1
1,0,0,0,1,0,0,0,1
1,0,0,0,1,0,0,0,1
1,0,0,0,1,0,0,0,1
1,0,0,0,1,0,0,0,1
1,0,0,0,1,0,0,0,1
1,0,0,0,1,0,0,0,1
1,0,0,0,1,0,0,0,1
1,0,0,0,1,0,0,0,1
1,0,0,0,1,0,0,0,1
1,0,0,0,1,0,0,0,1
1,0,0,0,1,0,0,0,1
1,0,0,0,1,0,0,0,1
1,0,0,0,1,0,0,0,1
